title,subject,length,journal_ID
AUfNCgRmVvoxOdwzVSqxYqvLtTAmGFKzQJvTNxLLsiSLDLLInl,phys,3187,45
ssngAGzZCTWkaXqBkuPBniJFbTkCIiMNZVbdxJVUfSdPVfcAiP,phys,2933,41
ekFxEiIIasejgNztiyjiqxSnyWTbmHgQmDIBcZXbwwhcfUSIsT,phys,6756,8
QevpetUttXhswuHwNwjAyXthYecJLVMZkUSYUkCcattKNbsOVc,geom,5984,26
MnAwrwaEgNBqrgXvUNgXNgCMFXpWlCwaeKjyqLolpgtzlrKNpU,cs,4672,37
IXLwJJVdAnkPDRTRpqsvcMtjWScpGGMmazBnoyFdHdcLxLoZjP,math,5064,28
kBtHPFRyBOluYFhwmqYOmoAOihxqnMuJyJNtrleUipVawHfmPM,phys,4767,46
etevUMMtnsrKMuqjvKgOpxQOjhUIIFCSdoMlijcSnDdrHlvQVv,geom,5466,48
BOAGBtFErJECsbaEJrZZUsoOxhgCFxneMNpDVpUSLNguvVHpOP,engl,7727,15
XIFRoSNqNAdIjmnDyMEAfJktxfOgLrNAJpROKlPwmnLBPoZtzi,chem,4799,22
AgBrPVvpVfARzZLIIQDragfMKMNQLLSQpITmmKEFurYIxjqvEW,chem,4760,25
uSeJTyJOKiqgKDNIVsQmobvHAgKrKNjEiReyfaREIEjpJVOdwo,biol,2873,38
IJWNlMrgDBLZFmdqkeWTuEQfxdVCKVNMHrERLVUdCcSYcViwKT,phys,5978,19
AlYLPkLTgKOjBIcxPwqLTsUwXkWxBhnXdimtUErueixbGYRcoD,stat,4018,26
byXvMXMOHpPTKxVAQwissdfaSllesHiNBMTOxiBiBRgBImSDoA,geom,3794,32
pChHydqfTgBHygSnbFsnZfwzTbnZPBvBraiJYwRkdAzoGYSeYR,math,1047,35
mMpOVGCdHUhxgzlhOdfsqyzapCZSftzMmLvzTGwCLBQeRCRlOU,cs,1224,4
BzdbvluTFLOgfLUAwVuXXmitPectVOywnkVDNfqUCOussBkrPK,engl,6468,10
DoeXxyCBxyUXfrZQApFYzaXZmHRpxTCXxLhUKUZPVdKxrXZhVE,biol,5250,1
TIDQFKTupPTbOwxJfseEwyAMMIxECgGcQySOsmpNZvjBnoVlfE,phys,6308,7
dVzDRxTypgJXVyDpkqjermuUeMtOJLLfQcmoEmjUknHlWmRSZe,phys,6627,15
PQMiWnPdxtYikzCuxnjrWQBBxMWbRQCqfeEyGBSCOJuZTbpeoU,stat,1908,17
hOKFAAqGULrKdqayYPdiShOhexBFXsofTVBGwztFZCpNcWIYoz,math,1351,44
HVnSmZlfAtxsVTPZNtFSYXsmyrNeUeghgdQTtiyTTGHWQYLCoO,chem,3799,19
efrLuSPboEELUZxmpDjwBhSxFMgEXHGdkxkamVaXZrfNcGsDlj,math,3248,13
ZhshRaRXnrqetwHQSVlZwAkyFtXGVAnLNurUfsXuZbjQZaaTpL,stat,1398,28
wNYmxkAsZDawynxPhcdsEVTGiSfXsYKKkibtrJCXgFRBRLWukn,cs,7022,6
nHyyCiQTpkopwDWrjdIRlCgnVickVmfZWmmonYSffCGXXHBUFJ,engl,4107,44
IWoZOnECQbfmzztYLqxDRlVTvikvLTwiqCnxzetokbRyGaLTkE,cs,1244,26
zGGLzBHHVEGAbhsZcphEFrfkRsiFDcmCHzRQARVIyKseTVvpME,stat,5746,11
rTZruqcIuGjbUjOfJQRMOqLJLXLccZFTXrEjVuTcspsXvYcZtB,engl,3926,38
SQJqjaBmSbGUxINeXFQGcUiFelcYmzgaxSAfFztOGnCQFAvVXH,engl,3204,13
BovSXbLWgymeKeNqrGLUUiGooyHqGXOogevYsHxBEjCUqATkQp,stat,2387,24
lOpouGWpNUafAbNwUbyJFIBIKctufLQBkWygYCYZHsOkUXgzNQ,math,6901,9
jFrsvxSDbFANRpxnneWnHLfFYappqEbmivSvhUUSLAwQjpKoBm,stat,5776,16
lxyENxYQsNgakUzSEukGOuuvWCqrqrjJLcTfYAoANJkhdHCPge,cs,6901,3
mIRbfbgFUldyaXlFikaAhyToORDmowkQrtSjVwKHnZthylKagk,cs,2235,38
iRvmiLZKflkHhsCfgclaABMNBFvVUZOWNhwxKRNFUVKOPCHGHP,geom,5655,26
ZApGaTKgOvxffeBYwTivOsaDSRgpKwhKYxYCOPGnOboFiRccLX,engl,2051,2
GuHBGGWcxmFsJKLbkOxrTUJDEdpQGAGxDlhJZwYwPpJGFeOyzt,engl,4045,14
iXFIUYHHLNTXIQWnRnVASvWaiFSrdTcpnfJbJdISfTSzNPFKNf,chem,1132,27
LavIfPEbiVvhvXEXDfSuerhqUkQMnvRQixtfFGuCQQEbypRadk,geom,4381,7
qgNlfwoBDSLRVPUSjGMKGxyBtlubBKHIFhzeARsWExrVIRnjau,geom,3249,4
bfHmMDuPfqLPIVbcYRnUZIFrsbwcsGhZmFWdlBdCCSzjUmkLSB,phys,2504,28
gaChMhVxiptsULLDGKFOmPUtLvueIHvbGazECbKelUaOnUIAQF,phys,5137,44
sTgEsBeMpTbCqJtmSuepwSpFCQmbEVdrINVbvKRvruEMtFFlTY,biol,7732,43
lOgAvHcOJqfpYbyapWRAoFfJyeeIvlzCFchPmZisVVkzCjqRWn,cs,7070,6
DvklsZPBcdqENSYEZCQPSeZaFQkquxBPXkWcMsubdJaoxTueAy,phys,5237,34
pKftsjCCseldXETCIVlxXrEiGJkvCGtGmlGQVPZZNxvXLsduhq,geom,3786,6
SdHPnOwwXPTyvAERxqxkGqYHnsvgtFgNwqxtshzvmxynlsfsQt,biol,3235,21
YXNeBzmAcOhkpsNgclNdjpLiqtFgLaDOKnyhJzsYCLkLJOErDl,math,7207,4
gCVOJZeLuGaJtVSIoSBFqiybQmiTqsOnmWCUnXZXVZxLceBRCp,phys,3056,9
NQafFLivNReBiJqUNhaCiPdcXaZYXtHrKxPMBtcCFFIcaPYlXI,math,7436,29
JZLuEVvrmIDSWvWSvMWHVMHCGKlxhErQSKqJwvtROEdaIwmMaJ,phys,2314,32
PKJIxaJhgohyHEilmIlQDlzjGWirjCIkjTssGqomhElZBqlsoV,biol,5985,15
ELbUrcHJZoVcEaoBhrhtimDiiTemogvQmZOGIEmhrpnjjyUIql,chem,5620,17
kPrTYkXThNwYHWMqQJiBdGSelgncLDsBvinuekmsbUgjSuXnng,geom,7604,14
JwWpMndAbaKVhmwvqFTEvnvNynzaMaWJicmaUeKMDHAWbaWUWM,biol,4154,2
wSbDhgjsLDIgARqpXDLEJHxBhRGoWTqYhrXswIllQgWbQeHJgs,math,5831,27
ILDmbgvqcQISRRYfxoYMztalJGUPtKGQVcPUeZSvSdlBndDuPo,geom,5993,24
uWQOHLbLpIsQLASYlvQfQBbGQwsuCKGjRPpPKnRbHXgGLEleeQ,cs,6828,3
ZYoCMtvnBamPMtuRBVUuKumDaxlgeywbpldERQbHcAJTyaNUhS,chem,5679,42
lZODcdHtDjXLAqLEQKrAyWSHxZwxbuXzPRLMsBznldemEtkkhx,biol,1627,46
xbytwXXxFBBJFCbuPnDqTMSljLvrLXIzGDOGPlaGxGpNcIpHrq,phys,6262,26
XAHCnImQbPOyKmPHiLsuHEHqtwRLEtHSHcPQWRTXtNNYIRrfUx,geom,2082,3
tgwAPjzbeMMvPXPtmbmrswpKCnajotYWBosotQogJTVxFQqoxn,engl,4269,27
pXdQqHkrjoxOvCtRAkQNcoFWIphcVNPpBLGfUWFpcGAoCdDzSW,geom,6546,22
OYihIFIyRJgdRbZixBFsUWCevOEDSMLcdChMoaxPCQqWGqElbF,stat,4642,3
qeWEGAyiwcjMuyJjtiJpJWlNaSCxlRozToYiKOZBFfMCfOrtNF,engl,5600,2
jcLmYiAPLYEzQNLJEWDGDWGHIPallByXofQMKnliGFsQDTuPGt,phys,1792,31
akPlhkREvcGjqvrPjkjnQdYOqCiYBXIEYuWgjTiccCAeHZZyZC,phys,4168,33
TuGkODMmXZPBnQPwhKgKcJBoXpxQRvvcIkEjXbZIojATtRxMbJ,stat,4866,29
QsWNckjJJOhHAIdVITqmJRDKxSijYmXwRHokFAUvpLvPXVydqj,cs,6785,39
jaqcTsMSgLZChDGKYbQIVrOsHqBRhETKNzOTAaVkVVospBSrtE,phys,1371,29
lHtbYksVboHnTEQsVFlxriNBOgVyjJhRqaByrclasnPIJyizBj,biol,4791,43
MxbCcEHFCJMslrVYRZoJoseUPrRMqkykudbwkSmKKfZRCYFfUr,chem,7685,3
xUiVHZYfoGjLTqDqKAEFowgFHijqppmwCIcdDdxUCFLLZQaeWR,phys,1013,5
DxhgzqjJDuRcQXzQMDYbmSnJhUXLUhHkmQTrJtISNlcDGJaTcL,phys,3921,28
wLABjqBZVGXReUlvrVAScnKTMOlrMlVoKkxMFceZKOCEoDZLdC,biol,2703,16
xQdDlSkPPLfNvAWZYFOJeQASHOgGGyqllQcktzKnVigAoPJCoj,phys,4079,1
AXnppjRLLyanUArQUUIFrUFeftqzRSBLqWSeibCuaFFkzCaGvm,phys,6166,41
ghPgveaIKkraqAFLYmajmogwxFMTNEorenPCwhpPgPHsCHTJDY,cs,3758,7
OpihtluKJbgoYobFOCRlImtXSaCNOfyJukICVzLBqrtdGEajzj,chem,7067,0
YQACQgiRNgEPWmcOMhPcmWoddaIctqEwQIUKKcKDcdAcTqjVLl,phys,7265,23
kgvgZaKHhTgXSokThBoPXOrgEwQifAFCmjwrYhdwVYYvPGVnxt,biol,6061,42
vzDCsiSpZNbErVzrtdKfZNnAYBknolUbZlByyzAJuZZcYYVBBm,stat,4819,37
tJNjBMuEreUaomQZTAhqpVzJKhmOIpISexrURkHbRMAJxILXIU,engl,2776,46
CPZjAsbzqMbJmxaZrQRxmFckXQBBzuGxYRVLYjSOzstTctEKYP,geom,1045,34
coQewlSiTHCSMZHJhFwtQoMsYNqnHfOXTxHfjmiQSnEprKOvjy,cs,4121,40
vTCGiySgoqelgrLgGTSHpSwSeiHARcFirODoSOIVxwsjRufpWe,stat,7787,37
RTtpYdQmDPTIAWpolFJAOlPYPEwzPagIoLEdhvCfPQuwtzBDRn,stat,7964,10
WKGWdxaPkqcjuoLDUtxiLJoHdvNYhkvzAkSKIgfksCFiiJBZBN,geom,6082,30
YNszUEOVOtRLAgyjxGieXRJFGOpzbIspVrSFxRsphHuZbYHWZj,chem,4857,4
yYGrlvqQJqRyJcYImUKINdweUcWhqmlELjwpXmAtYYrwlYQVeV,engl,6812,32
iJeYxKFghaRJTAuGTdcXmGiNZHXsijZaRTGdsOGbYCCjLgVUzJ,stat,6968,46
dVODtarOSXprJHAdePrhUGPyhvlPgaRIpRJNpOYmPeouTNMcnE,stat,2939,5
NwWbQQJmqUMxSfxIFRkympJFZkgLAFcthiqPeBTiDYjoBGbtDQ,phys,5427,18
JSrVNjdTmZjfxWclAfgPmYTKrYvnGogGodLCqVrqHVAVPYtAFb,geom,3399,22
RKpnVMeFoPhfAdNJSKMVSaYhYsWXaEeKpfcMKCzMWREKwjivWx,geom,4742,30
KtxudREXOdMrNcXcTivNwGExjkfEsenJrvLvGNoRvKceWqbGPf,stat,2356,14
zUOuKYgebNqbofPFlkovPZNmfzQRlDUlYdISZRlOVofGBxZaoL,stat,6906,27
ITibPhLmUdSNSEQDuefPoVYKOnbrIVMOMiXvGToJzJvhDMBvFD,phys,3951,49
OhAIPuHOeEuhDbfxZfOByGelGTrEWmCXHIcIQjKoSrJgynlkgd,stat,5707,12
EkZDKnXhCjGeGnMxxWQnIGqpylCbAeRsMrOelMpVLYPBfSobql,geom,2456,45
pNOLqoNTOilaDgKsMqPgQchWxgBmeARYsZUlfikVMwsiiMGQAJ,chem,4590,36
TGvwmXHKVSQMJbqYTmlVZOQziFYakhsSwWaODDbTgHrzyYxnoD,chem,2229,11
YoigbvlofpZmXMiUwdHHBAgviSlfZzJplUbCKTGFSDfZmyYTyN,cs,5661,30
dVzNDlfDIgoMgNUYtLfzWsoWKLvJriShZiwfGPGWRDvEvnxJqN,stat,2788,3
HAVXWaMKVYDwVCPlArdTjQwrCTGuPfgIDEcLeCLVNAWEIqQmOt,engl,5624,37
zonoeJdrCJzxfmaPNgwlQAxvttovANoFBFkteFXveVPgDjbKAr,biol,7428,42
aMdxMrVgtbBSxenJoaXqmxGgdEKNvbbxoEJJxWDvyACprlCOPQ,stat,1992,39
nUlFBNfipjjPZvhcIOrqbRscAFzhOyUnGWuplXrPurwzJzNyto,phys,6421,39
txDDeCEkGbZIVibPEtbxZjNEFBCBxJllvTtyreYvgOrmAZsfXB,geom,3336,45
TJRtuXrNokNiAmaWokXOqnoKwBWxnAFgVFSpjqCmBbvAOlGFEb,math,7369,27
FKHmbEHnFGNabajZsesvHgFqnbsHrruMIjiwSZbrJuLMDmNRQO,geom,2419,16
mTozVWxAgvbqtuhUpIICFJlUzAfagZGiczvtQKTFqATAjqxnEj,math,5787,34
mZGqpPNylnwUvnqaBRWxtwbODoSiSwyylxUMeDFfQycwnObXkU,geom,3823,23
pxjnpHwKLqMcIfpdvMgcspBMbQAtpMseKJjcqktfrBZYMoCsKF,phys,2002,37
IXkRmNbBphKeVIiLVMCBSHhwTuiHuQcEZGDzxhFIaAqSfxFcdg,biol,7839,34
TshCOsfoFKscbKcUDJUqiwZqtODERrItbLZpMWIUNZQFrwWLQx,chem,7569,36
SCDlSBjCULDerSaGrEOlLcAYwCPvpWUxxEGCpixTeoTWIHvdlg,chem,2607,3
bzovvyQnRQIBzFNLmjokchShjEmMnnnBVDqjtSlLkbVAQuRHcB,biol,5253,40
bJWsMvUabAHuuTvRvQAJCMllRhegIKqAIikypbjCIyUrfZWVwc,cs,5764,33
qHppYqVKTmVyASrkYhjSPcyvOCixzsMNloHoaOwrqIPieKMpzt,phys,6887,47
CZTfjSRXrEFSmBbMVJglmssSrEhOzbbaMZoJExpzFBGctMojpS,phys,2759,20
UhUwJszbVPIgtSbpAyAWBJwWGbTZyezNjmqfxHGTlqgdwZvbjF,phys,1522,26
scCSOQIBUYnRjavnRLbhgMDEuOOXnvoTEGSBoZVSzhojmPYXmN,biol,5689,37
CRmdxsZBVkKggVGdQVwKgJOTLhmgSKwEfuwtgQNWpqTDfQYwRo,math,4533,17
azjGSsxuJRGaZEPjXxowoQlUgpcclRiNgxSNdETTgNfTDRdIAd,cs,5424,35
vHdKniPgRUooVawfxEyRLOAWFMkhNWvrnRlCvVriHhwXaPLFkX,engl,5889,24
ovxtXDDxzsyLvvYLDXYlpxqmCSanCNRWbcSfZbhhIONEgicqZF,math,7838,42
jlRChidTdtiSdaNTpYiqfvSMLamPbhpGaDAtoJlgcJGFDooiPt,engl,2512,39
tWcNlBjzrTjoqjAiDMjQzaursTJihDnqoHozqVxNmOhkkjJxdw,stat,3926,38
AVfkQMJNXwEjhRUDdKdVOIEDCBnAAjHUrcKeftDzgcKriGoZQw,biol,5667,11
tyvAdXPHchbCneMbkSNzWxpYSYQXqDHlIFkFvFWhUViJKhvaoh,cs,6867,16
TKJwzvXjOKqYNqnadfKeSpcHofPeiocCTfMwTEPSjjCNKjWyOG,biol,7822,1
atCvMBPETyFhzLXrTFugouMhjoXHDrIGXJbMoCPWPwBWTcPRsj,geom,5649,38
SLcJKYrjgvYXkAdeOlgVeQlIBqzuiQKMDRCryTZzYqrXJmFtPD,cs,5999,15
JKpNIXRgUgxNuqsgRNEjtZaIzhgtltjxyYPwTCxRMisTGxqNoQ,chem,7337,12
iTqLWTQEOfOPPPYRtbAdiQvVzrBQUteHPPwmzbnnohXZzqgKLO,math,5556,36
NIAJgxdXIiqBaZTeqoHxhPjPeAmZBwKXHnlEvwsgDnCvsvtjUn,cs,1359,36
NuFmxdkzRGbBzpRNtucDXVyEsGaVGRCZByrbBkqPQZEycAjypP,phys,2493,17
bQKWFJzeUOCXhZLgffOsTZOCLZGmLeSzDrzaHcQnnmMxAtjbZt,engl,3960,21
aIEOsFpOXWhPZMgJtzHKdlLNhWEgAorbbCBCsUKYoVtapowqqL,biol,1789,25
ADgeMcKUvTkQlMxUHelRFdBKduuPdkcExbnYpdCwJpSRtvMUtB,chem,1720,18
jBIikxxvatHFuLSPVYVaqRhnBwjlSWVKWbXedOLFtSDhWCqPxF,biol,7645,13
pdUJkpWqkUJqJLONzsCnWZCOfxoXpZkWaVSUqEiVTDvwtYtTMp,cs,3871,43
jSkoSqTHLXJncAvvJXZsOmDNHihVyrJlbKAxKBDNsTNIdYAWcI,geom,3699,6
jYiaaBwYNAvhpSgioMDrmyFzxGWTZXTwGUHaNwOFHqWRVKhaeK,geom,6964,10
lEEZMvrFxRdBcMgZiuCXGekePDoKRDZGPWlbOGQGlbZNsmcicm,cs,4134,22
WYCsfZNfGFHmIoDRzytfSASQNpAiTdTlpAHUPbKmrawlElyfhQ,cs,1575,12
OCkHwsFPlaoFujsmQGyvXzoobQznEERWrFOIBSYJPqQwNpyKmt,geom,3118,9
HhObYEmNbTmbwSokwvIrxjyGRAAxCFQcKSMrzCACbwBiKjbgrs,geom,2182,21
LCPGPVUBpDUtntoylzsvlKMVsdsUfmYbDQAuxZMgzuNEiVWxPK,chem,4624,33
KOlRtxdVLBRFzTjpollQdotJNEGeOHtFlSWPaeOkYaMbZAwnNU,chem,6951,22
hZQcUDXhggLFxoDpikbLgDdpQaYqCQOgYhgzTWmwlimYASdrcL,math,2337,20
NJJVBEImblJFjMQoCYRQBfLByhXuIRnCjwZdDGfQJZNDBfpUJC,math,4880,32
vepvXfGLBfHaXqHuOjYvgnTnBLbnTjCQPhjIGNATQmsIVdDVyU,phys,2422,5
ajDlAcwRZxqKTsXjqgpSjtdaIfxYJtDZAoEiYgRuEuzVWTeBfW,chem,1109,16
YPKmiyGomdPedecOJAxstCmkQZVdMVMkAfVFmzdfvLWJdnGiaw,chem,1677,47
nGoCfkDXVcFvAYxKaWSqQgKBDWvTUBJouoNtOMgItTBgbSlutm,geom,6135,48
zNEfbFwlDjZryqaFlKCZbwpyJQrtUQdCSfWKcPvKZxaCqUAsZA,stat,4658,1
uCrlcJNApoXQWueehxsIiEbxwhnpaDfwVGywBTaONjQShFRDuo,engl,3282,34
EyjGazscCtxKWqwfhpGBzxmvyjldeDpDESTKdGwypCDyVHJSLG,biol,5070,5
rKUPIgZEZLNfFpbpUODZrrlELSbjcURCBcAbKPywFMChNOWHIt,engl,4465,36
yrJTRWtNtkKLvZwkXDRqiQjohKvEzYUgAENVbzxsnKoBUffGun,geom,5046,5
baOkSqXBcxngvzeKZYEBLcmlsUWbaUkDKbDbRMEqnApNeOfHyD,chem,1404,44
zWYalaPgnHLuiTtmiErXrZWMxntcTuSZnzawAAuAcdmabhynKb,geom,4000,30
AVdSPkNMPRxLANJcCJUxZcdOMtcUqnPDJsOsmsOimdcnVMYCeF,biol,2914,1
uxIADnJNQlMkBXKooFWqkwmbvzjJahLmGlpTtwJsyWzdadTPbI,engl,5230,27
llOmqeAqIgUOfGnMpyElPRFouXvaZFwnEpInosHkzfAZHAetyp,geom,1417,42
xfsIvOUVUGSdFsGXMAmaOzDqVwTQysUPZDPNTWybcUrRyBtPcJ,stat,3419,47
XRuTdGHhBGMVmnruIUiWFOAZpFgIuzNflZikFwRDSFJlnpJcjH,phys,3749,5
MbHPsTnVLzvyAxqJvCcRqaedasnivIZaPHdOGEJjafalzpjZYo,cs,4310,23
aZRbQmsXETIZBprqMShphfQnDGKFboHfPzuuQYfxaBclFMLnAo,chem,3071,31
EswwoOiXnmJACpNFNmbxxJWVbgJwoUnbqAEoGXXrjCIdrhPqGD,geom,3492,47
kRJVEbApfjtsixDuiywhcSPGwlhgaLqVBUpsBcKIeEOIzwCRYr,chem,4944,42
ZJYflZgINWTUYEtooetfPNixDUrexILtVxByHwROdHQUGmhtvM,engl,4898,42
KBmpPFjhLYAlUevMIAmByhmBWRMbAxMjbTVqaDNTYCNKwAlONh,chem,2072,33
MyfkBNkahepSeoAJKQGaSXrwZhrhQEVVQMMdBZAJycyldauQSU,cs,6079,42
ACBnCsyTmihpsAQkblwtETSuTYPMtuqsgwSxjWIKgEPKbVwfIv,phys,3510,3
sHxvLnXCjejbYdJdDomsdoukOtsJVtnUZtOSScPaZuqdSoAHjj,stat,1311,20
LFWyZOsMcJUrBHpuXxadWyksVvMKKoFzJahDPGaIMEEVWrldKM,phys,1913,5
XyMjJuTLqEaUFQoTPWkXnTyIqoYDilJVDCqNvSDlVdMnQxBbAN,biol,7425,34
ddfaGJkdgnsWFOFMNnHYJWIQYNntKnDYebmaePXnrGIxviTHdA,engl,6757,31
SSPctWlbZJszdxigPmgwoeVXszFzxYPeOfgeddCYhjhDVBhXrc,stat,1328,17
gBXTPTCWIaRUyszTMWBqokFApcpqiDlkPzsRGiewaSpeLKEBZp,stat,4016,33
FjFrELHastArXRilkXgkjvPWfOVAjkvQktJaCJLZsxmohDKmMG,stat,5638,14
gdNzZJKVrspNlZVlMmgUyKjrdWhfmsOKeykMOwIESgEMvNsqFn,biol,6848,33
vCURIzZqrGlbHoqNixxLKnVoJBaKvIUPvovZrypeIxOggvkzMQ,engl,2980,45
aaClsAsUQADDrZVhpDCggtiUoOzzJIECVTrjfIRHIZwTyinOyg,cs,4623,8
aJOGoVTLHGdqAhVCqxTXCLHgHQUNNLkGvOazbhlZqGXftWSHzx,cs,4647,45
heEcRxaXYJTbCeJgERjsVRXbysyRIhzSHePdmUWowGQowWsNuk,math,5764,48
sEZJBCQKfTaEPGunNMEJLyZzRHTiTFqSFzYcncHPHEfNCudsJT,geom,7411,18
XhjSXjvdOuKUMgALRrKFYnozxvZaGqKUuauuqVajbuTuTclkKU,geom,4525,41
SnJrUcmBUismYshsgCIZVUyIvjLkxQrvdWNZCSkpnqoAgNayet,engl,5877,34
lybJHEYrAimIkwvvvIKiLASvsXOrgRMQiamnlXrXbkCyXlkpcH,phys,4564,7
KXruLpjDPBZBHDWIXqvSWJotZxFpXYrwYRbaMhMEBhzgHKxwWN,chem,6531,25
ETdvypnrNEIMvJZabbVWaaWXHlLNuMXOzimirfHlXqeVXMQfgu,geom,2835,33
fuoDSZkbtvhFOxFloFfVsfHcTDxagPrbdwvMNkKtLMJowoBXKX,phys,5167,35
aPUORXTbuYvhPNzhzDDwTGqBzxwcyiHKvfbyclSCLfQCcmeuhZ,engl,1575,15
zutdOjMBvFYjkZkASnipeEuKWyltQsSnQGkdWJxelEPldnoXye,chem,6716,3
voPbuTKonOsIGaeuIWFjBIGiWIUjnPvYkwDbzLtwdJwnRfoGMZ,chem,5280,32
tFuwOGdiXpMrveVUvUVrdZILgBlbDCBWrKMBIiEnFhOiUWnfbg,phys,5542,5
VyFytlFDcUzveKrNKxtGSxJUKDZcKprCkiHlcWobJaQlmuHrtg,engl,5956,48
NMIMcFsSjxCYsrqtvkvmWZoUsTEIyCDVpkoHtTykGfbErsnxwu,geom,7222,34
FCTMqJFJtqFaxnTuBmjXGykvflcqyZdTFHzHYLJkPDYgPcHdCR,cs,1924,22
mZVECkmHuXVFZRaauHQwOmExRgcDtwvpYncOXpHMHybeRgPBFO,chem,1454,40
npbSQaSzdpEzRifWqsgnvBNWSFhQkeAyqMgUwYZBWLZbykoULk,engl,1597,2
cICbdyvOYjCCBxTcTOyfXsUrQAyZeScMgtIJTHrfespDXnTzJd,stat,6416,35
sNbkIUzzoRIGAxeILpanmjjnEMXPhaxdQiWJcNqRJPfPmPFFUI,engl,5830,6
jUreICYZKzvIPNWYZRbCAnfvCnlgTCBHbURuxkrFUzlQNLLDuK,stat,6775,16
SyyAULOKsebsHvJeWetatqqixHCItlWxIyGeKYuUSmwxiAvDWX,engl,4981,0
YVECmCRHphrYFNdcGqlLInfvodGZsMolqYRrVVBssojiBclECG,cs,5333,25
WqzYdkampmIzoUqMiyFeYvyxMMMMPXufnCCZMbUZAwMcQKZLSJ,cs,1364,5
nxtBcPFOHEvkKSDgwlCCMJCxgiGVEgdJKbWbtZRnKhGMhOzaEX,phys,1203,36
SJsbXedBRSGBQjlTmEHKvzbliDMKdGVORBtIDHQBWbvbWxSnYU,geom,7176,24
tfOWCTrCZATQQLzswvlzvLSKzrQGNAuTwIsgEbFEicltnniecZ,math,5410,2
eVHVbtHOZsDVXooHIkDCMeBFuXHQacCPasxhnxOKhTaVGTanST,biol,4713,11
EjNwKgBRcgSgtAyAQeMZJwbIFvsjyOyFmedsRaIokpEDStlHRo,stat,5567,14
UCxRtsbZUftPVyrTpExOctdCkdlXgSJIcgMZGlRXFRVEgZnHbr,math,1998,37
dXXtNvppGoyigHgmNqFcZyVlflyZtYdgVipIUyYdEfycdicjgP,biol,5470,14
qXndvWWoHgRytLKajVMIuYVFxqfaUokSPPQjIOYFHUanAKklcP,math,4798,2
KVgxzbCuBOTsVYNEgNIFDGOUGtdLrPyuqUoWZYJlIXHMrADwgP,chem,2362,8
wbScOmNnvrTdNelcmrFGbrOqgXSOcKKONGUJGvsKzDGNprtmmd,engl,6414,25
SqkZNDiPwVYadyZsXusoqeXgsjIzbXHiTZnhIQNkmTaTbiijon,chem,1271,21
VdTZxhTWjVRQvAyENNkmgFjmHAjqChtKKZcwMaRebnNaCJliUd,biol,7885,7
ZFPhifalWblzjrJYsHlyOBjFehtaoGUHIrYmQjXtTcgpQwFHtd,biol,7061,3
HYInStZjiAmkLjbJxgHEsmBDNEIaOBiuRkIwLlUzQUwyLXodbC,cs,4948,41
BWZQnBYkOPVIRkvhRQouixLusBHppaprvtxgqcAtrqCCVHZowg,math,7184,32
SOEWidziSCXpJDrGfvhRLDvDoZBElrNRTGEZtwRKffMfWKcfSC,biol,2390,33
ihPNrcZXacbQupvjhQaUuppiZDkpYmtMOGRcQwpnqovvQlPcRY,biol,5250,39
CkWGIZHMhDSVtRdSWqGtUjgHbpVmAgYNsTnqTmoRHOUSQPzQLm,biol,5591,26
aRkZLwXGxiJRVprfOMKqvMHNALMyDBnMacKpiQJmsGcgkCVZGY,geom,7935,47
iWKEPWrdSyYQozHMEIqSnFdMLIoHPLJxGRsmFUDJYxpZiinWHZ,phys,3620,32
klntGHVKGJeuSaxdSzzGTkUVYVszrYsGEfEbzbNpzAHiQQIneb,chem,7486,2
WYAgFMayWestzzhyZkxOwivmqvYjybPwkCZaqmxtYzcGxmZIhY,phys,5718,23
uUclLJUSIaIlMgPRXghPBfXXNLosqdViuAXlqsHqHGsLLleDEH,chem,6921,18
VsqEFJqGAjLbalyBItvgkqOdZNIuTbmkUtaEUyNKRtUfRXFWyt,biol,3640,47
LbYQvcDXEnlvfHlxrMDXeBmrvjdUPpjqcCPMqwPiQJpIndjYzP,engl,5298,22
bRxgqCVtMkwWlbyIdZGGOKioiWRGygokcksPbClYVUICladwNl,chem,2202,47
veENTfpiEZICQIDSKpXsWHkytgfipMVgkdUGpPBagpadLfKHAp,phys,1269,5
XvzQrQmYIHFeBrPAgCbwzjXMKuxTyZajnAJDbOziujbvnREDlf,stat,6892,13
CmYuBlRxlWyFhVxFyIgqNEJHaGJjxvtorJmUCMcFjEsGMpltFy,cs,1836,20
zoiiYDZoGngaTMXrMmCqmwAXSNaksDshmAljtCVVlBlCmVivYx,cs,2522,9
TyqWKkNfBXbnpdUcCfAbATXZFmRHuVpQfHhZJSVGsLiJZmuXoM,biol,2264,32
EHuqhiowsROdQgZpYGhMINmYjvBKxCPbZlucNCpZuXQjKpVWAH,chem,4986,2
vUlqUsGwBiHVJmRVaALTidJQFNeqzEOiLwJeIKdJMtubNCWBMh,geom,7000,39
uzPcBSnyseVsvatmrrdrbKeFsRNmCWTjsZnRWbYWOaHIiXwkzN,stat,1346,12
FyGpuGlUkhqpEgsmxNdOrujznEkyzKZpOxdOkxckfAYjpVdLzC,phys,2240,48
DcDBTXaWlJvLtnvlnTAcRrKbRsxGjJczpiIRgNbRPwHvKWUNDt,stat,2771,40
BEdwaMDwVpkyTSxwrNSjVcYYiOWnQxmXwWVmcgznTGYYsNAgUW,biol,4227,41
emaaaGSGcHHBLtnNAvWCJBxWtNfkGpvOWmgeleNtPnMdpOEYNP,phys,1992,31
IUGoajcEKfXLkyyiDZDFGLpPXHUcaldpxDRtlKvVKKXkKqYzVe,math,7039,4
UkRGTMYpSOcIKDnaNHHPJagazOJYPUJdggyXghrJobuZLLzxDD,geom,6168,24
PhosVXacLZKRufNrNORaWMYmOzNjkeFhViOLPwdRYViwxcaeuv,engl,7044,2
kWmgvUiBKBSNRdtRUpmndtbbAhuPcJWTMuYrLZdFSvJsIffyRP,stat,5782,9
KEXPRSaMJPiOpoWZtzRzsGIoxffIiHAAMQNXzmvuDENdzfxxiv,chem,1175,30
pDShxZrHGbJEDTIYgzrJFmFykqeSQabRItdWAIUBCShGEqgvgb,cs,6899,5
oaGNbIYlBgFWXMRbMJNwmnerClqBvLaRZjmtvvsfkKPFCxVtgz,geom,1227,18
TLPZrDvwwPFplFBkDyMrdUikZpVhNdcLFGLQXIOYrkgXKNYXdz,geom,4343,17
ZzxwPtQSvcNkIUIsvHuMOOaIlXwrkmTLKPzLhQRnmJpgpeHNZM,engl,1164,6
XPUrnsyDSASCpijpeSdFbuIBWFOBmemmghWTUEAVywlCqmcPgZ,chem,4503,5
aIaJWMSUwqsOOCUaGvToTSmPxvtoeSObWNjsjmfbejadzNbrKu,math,1966,27
uEVegYRtdylWccxqjuUuQgVUoRmxbbRvTOGRxMQHuapLPjpTPE,cs,5030,17
hxFoSPIQnfVRcjEynKRrmkMuNkYSwNuHUtgYnndnVxnAIuhHVM,cs,7845,22
pVEApWkZuavPcegGjgdXMoOhAbQvTyvllVtGNMYeZMkBfLrFaE,geom,3740,34
HrktWdwvaFzqOBKUzBWOZCixmulZvhbxVPfxJuoSwVagCMohWS,biol,1914,28
drMyyTETAfsiyXqxetjfbOPhyLeKKnYbRUixwhEklKPRqaYrDM,stat,1737,40
IcDXibhBgaBNMWzRmXEYgmrmjMqCuonoVGvdRtDBtgoxonBqOw,chem,6794,34
hTUhegYATEqVZnogkzTZCJHONmGrQWpyLFLONYEGUFPqvBxBoH,phys,5145,38
tKlSkRuLkXSZhCuChSfWdcSnbpLhFvHCqzNkAqTQGhJTVGCJlT,math,4650,45
PvlxEWiLfNWBJpjKgTDgNEesVhRriqlVODpyDRTTmaiGeJkQMk,engl,3662,12
gKpuMQEZywWXchksknUhoGtDrZzrjJupUMmXHMpeGoKaxHXwpO,engl,3804,4
yFlYwjIpkFJVJoGtlDtIYjnVwSbeNjYeDKOmLbsHnSOVhKTsgv,stat,7052,24
dBIbrFficJFPZSjKkVLhmqwnQCKTfAeLPZvnPhNYFyopDUxeph,math,4754,0
ySCzcAzDqTMyDogWfnWMZXnWltXYNqpTpaDysHoxMhDPdsYxKJ,chem,7444,43
wmAMkVcmlVTeNJlfdFAQLzoBmfoevPWZJaRUphAOrIGUtRmurc,engl,7624,27
FfXtoGdMXVYYOeTGCBrSgnDJEOuxbQmzytMfJYnNNDjDeRvAAx,stat,4360,0
AchOEkBxKqloNzfIeDxqVLSbKKXUILZAMZOZgrIVJILQnJHZFf,biol,4312,16
UsRrrnMYbWzcgLcskmEAhjxwRLlbkTidJewwBggYETnldhrwmi,phys,3291,47
PdDYnoVWdlNJMvBVfNJSGWVtlpINnbimjeUHfugkYAsCrrxajb,geom,4790,18
LXIfPKwfpypDbjGPbEuiwAMAsnxfvasyITLLzbsjRYAkbellRa,cs,6916,49
PKRZFLdbByhqyohygmMOwmaRkdOkSwspWyQwXzQGRYmzIOogCM,biol,6148,10
PpIXnvsJfOiQSpXSEDNuAWUIdZcrrxJwsgtMttgmIbqyNuImLh,phys,4146,11
VJyjoAixGuITmAQJkShmBbgvFIDysyGmkJikQuJFpeiwhRlLmR,cs,6876,48
lHFBogmPyMvFbdyebOVNNiiggpKmSLtMtqjoEMoctSzXWMtQqR,math,7941,26
ltVLWcYMbJgrNLZDxmdicTUihiOGFPYbnwnDxJMdbTNQjcbFEt,engl,7419,10
MvxtneOuKdocQVaCidyIuhQSFcEXHLcldDQTIlJqetCIgCEUaY,biol,3135,35
foIRsoUHOAhXNpDWEHZxCojIorHOnOtxjDPFudYTGQETigoXtT,cs,1203,14
DGEwYhSWplWcKGezfUyYosKfTrdIZdzetavMjzMIJFJRQHxPNy,chem,2650,43
jSKDAeWCVTacfkomBwXJzkhPkBWikoghBmjVRyAVDFafvsNQUA,stat,6731,46
XlXQEcTLBgybUxLYULXSmRFztKQCxjgcdPrjZgyWtnsnuPcGqk,biol,4421,34
pjdjAeTTzkcVpczsnlNjyRFlPTVxWcjSGdBmxxonuXGWhVtfdt,cs,5464,31
MIHGAKQXIIgMdqduWfvlwlaDrEBqmKWrSfomsBRLaUYEteGNWO,math,1842,2
CftBPqvPUBVuXviSkdnVBoQZwqpqDFkjXRlfDXOkHUnKUboxJb,chem,6298,33
RFwCEYwUKPhfXltOQyNSgtUVleueddqISqFsXDZdVWIOTcUETY,math,6086,34
LRXIQGaFJyQxeGixGXeygPjrjlrGdanROWbnKeEVuTzTvToMxL,stat,1671,15
OinOefdfdVgvOObyKenpKVPxDLAlfgIKHedGZyeZGGErVixydv,stat,2523,9
WWIdKTATSGJnLqaLPEyEWvMdarNZoybLUGEjLUCdnMbiymzmaK,cs,3659,35
uWpEtrqPmNESSLcGhExYAiAzENXlFojnvPNUzCICQedlUCyBRn,engl,2589,31
bJWXxTbSPqhGZcJshbpEkXEoCUraJvkqgbBWzQakwTNZsrHfGm,cs,6846,42
myjQaKRfjBIEXzwOrLKKjobsSJPGozjKgxVXxnOHJnVlgGfmOb,engl,2019,10
tbGQMjBITWefnuFKYXTHwpPHvrraKAxLDnfFkiMTJyNarmYxjc,stat,7460,44
RhfaJZENtBaYesujfPDIWyYMYNCvUZUZUbpbtisHReJquKoMbG,math,5572,9
KdsepxSylDlltmJxbCkjmYlUtOjsGlqltjczZBxLVeFNIfzUsH,engl,4369,42
XrgtDlSmblbSgYGTVkopizCYiiqcsjdmAqfvorTAwiCphbyukh,math,6561,16
PGZSXwOmovZvXiLJlQnBtqkvhpMatFspGjpvsSBOslKplnSmfR,chem,7012,26
McTtepXCWFGEXhvFsIQIwplBRZcoEWgAptXuQKGPELdZJdysQc,biol,7742,41
QerabQwodOhcAJWcPLdrKMghHuurFaCcnRNEPuSZVovMtmYbed,phys,4738,19
amlzkywQHAkOSVDzRQTCvDupXdhqpVfVQdjRDZcprIZGHVFXPM,cs,2900,42
mNdTpsQKHKolPfIcozNKiHtcKGHCCkRmFBkkvNUldmvijRNzXm,biol,7374,49
eOQzkCJjmQqXoypcbEjVMtWOCpLSswLqfogoCcjLfUUNauKhzs,phys,7826,50
vXThuqlBntpRcGJDsMoVUKZyXlaqvutRUpEfPcaOtMGZQIDqSw,math,1998,23
tnePNjwgSwqENmWyfEwkkDKSeCUJYduEwYDDbggqHHZhsuMnPc,chem,7468,20
UuXBDKUfHPkvqAMPLvbLVzdZMwhesgblxouCdfApBoRpPiiqfC,biol,4001,12
FuqkDpCnlrkbfmTTEqNkMMXXvsaoSjnKGgYgldOfJxWmPeZdbX,phys,5296,50
fdLZMKCfbLqzHFlODILUYVUENPRrXJPOspAzVzmqcrkevknuLC,math,6811,25
hYpWrcJhDetfMnxLUGXgNbLdxynkUkFwzDtZvigbRltzWszMdw,phys,5204,24
QrUBTbifpVtpEgIquoHXDavYbKsROpIGFEdNcqtBLypdOpDgZB,cs,3531,1
nUWWZSSRGnComNUlzXrbfZofCccMfdhcqxrAnLvkgDyfGRdIOt,phys,2633,48
MtSWKppLsxtnfJqnzpShPygXDLALUYrwJPPxLqkcOQkZRrBunI,cs,6475,13
NuEyWaGTJXyfPqyoUtnXvlstezDOQvYWwsiuQXgxKUDppuBozS,math,2879,25
NRxDOTXKpppsxZFpgIUUBPYfbdrxAFkBkEdiDWbGxavtNgHTQb,chem,1949,10
JbRetrZFTVsIZOSnCjUSnbSYhCQVMBzOKNytxYWWghHdTWaxgn,cs,5226,9
esxGEZcAWZhDdFgrNsiaDAiczFTvAHmWhwIjutKwORjMBZjcmw,engl,7740,11
euKhEKmfaqWtoQMPlNQPcKgiGasvUOBEFotVBkbfqdwnMoKvVM,stat,3105,14
eHkqtlNurjbqHEVXBmNnWaMwSIbIxHSpekWgvzYhcWmDLqfkew,math,6307,47
IBdpMAWXohbapQUtioyfhRVJsUOssuBvXiQRiZrifFtgzZWTYP,stat,2113,39
PgxiwZKScDqLTqcpsjhLXmypmouwEHhICQnOOXOYLqshQyWfVu,phys,2013,24
YMgrciUkIFXupMZUoLsDrEXnuSkEyhWBYAIWnNoYogxWEYktqn,geom,5309,11
xQnsFEvMVCyQJXwLrDggkDcAvSrbGWsouCwREjGzbUkZZLodcE,geom,3850,28
UUfOaaPBUXgTVIcRTSbaoIKiAwgMRMTDWRqRsgXWMzfZCtXXuM,math,6629,37
QhYBKRzhTOSVKOTqLvgzRhpRvCDaBVaMePjYDnaATsCNVrXepk,stat,5582,20
ibkZlpixPaLTRqtmUhMgGmmpaEUwwPxnqUWyZqCUrteSxDWHFF,cs,3745,50
vggrBPzvjSaAxvjKhrdfLawRxXaOyNQIUJoVfpuLJuSwgiiTZT,engl,4134,29
QMlXasvVNpcYDNcGhuYzpSsRVrZLeDeDgeKXvPvrSyeapDwltF,stat,4042,37
XGQetLxTKdcCdmrCQjMjVlNneowbpzuuYuGgItyFSuUDwJpQoE,chem,2216,3
GtvsdthcFUjbyPuJfcgaRVilUNwWUnvLJOnQqiVOjIQBEcPnGj,chem,5517,33
ORXmbQxTFuWKWioBsKPdGBhJxgrsLtKwCZDcjFMNfZaMhFHAer,stat,1019,15
zvbIVgUtTYiGMknawxGTBXfAlIRacqAlOAUNovgjHWXscmKNYo,geom,6139,18
KDVFczIeqjIMqsuZTccKKoPQdMzKrdldLXrZYLqdlLwAywZQmU,cs,5172,25
hmNwBuPzcdBFUsNbEyQLuRKqRLcIuExSXlNwefnmFJWUaSdUFw,engl,1786,20
IUVQWxqGbKsvDVZJjvBAanOuhkcwocCtpzvvZrYiESkgbTnIyk,biol,3481,13
HqjsLLJrEdrBENtMJsGVkRhLKkoTnCJRVzNXtmVrxwTwadOIoP,cs,5998,18
azbAUrQLNekrzXloxIadRHUFqAusxiZvNMwEiunWwLpuSkOFuw,chem,1222,25
ATOjJgAcsIDPeiwedrlRqlWxOZKvxIaTrNBmumHvlxmZOpwvJY,math,6807,42
NbnQKwnwHHvADeozavxzdRrzgDYDmIirOmQRTkiecNeqvJCQBg,geom,1533,27
oztiFVqJpKNbuTiPxjGgcWRhvZxOkOdpyWlyVJrnVMFpowarxP,cs,3695,11
rfClzVtWjTZsvYfQGdEzVZkOXaImmmrWUnpBQqjqbERtkWAQVi,engl,7035,15
gMKVRgpObnwQkkIbMmbbJxlaVZrQFSiSomuefliFAoUUhyTVSD,math,2681,40
faNfkrlsCMXksdUjEEdyczevymaMoloboIFWoxfBLjmufLsrtv,phys,2001,41
mLDANdUaWjayAtWCUSDkmoBovTiEwotgQPLEmapjhOuoCegtRw,phys,1514,14
pCjIREYruEwTICPbBvfPgAsxwsEGuTAlzsMCbXeKxVuZViKfRv,phys,4066,36
oXENsmhhrrFwdWrunxspxVRkExhUwPatvGLcyOoNkWWHjLAqYI,engl,5292,48
XzMmzFZOlHkWPddMRyWZBytRJbUMlfVswkmIhTFljSyDpGIpro,cs,6736,32
vlqxvDuWcAxrlcaNVdAZFaTUoobZqCFGDbZfMdfICLtzrmKWdv,math,5818,50
ZJXKqeuxYovppiinyjoRtQzCIUlHdCgQgjOzkyRilDMgNrTsTY,geom,4719,8
iTpjukOmOkPezdseLYEREzXdoZAMoxndFHrLPZrOXXoTwrXfTT,geom,3724,48
mcAJsLwTZOFOqPTXbEewjvBIkcSTwQxCUlorPflgxkbRcSgbPt,stat,7145,39
mksJOoeQiBSaziAgiiKcqAjUNNXruuCFVSpqqVuSsBDFIQwdVN,chem,6555,44
PqDiIdIaaJySPSzHrtbXNjxUNCjLtzTNuWIERkXyncLkWLbEPb,geom,6774,19
zwfzXdHjJihIqqpGzkASKOpTfbHFCDApYBteZzmQlLfJybnePj,geom,5289,34
SiWrtERYxESxSRulVbmshLwPPMJthBKtLEAjyjPHYNyKygxWTD,math,3108,2
kpfKJsTUqXHbVeKkAarCHtLOWNstygxZDVFKNbfudYjjhsQAYk,biol,4337,9
WIFqmwTWxXcMwcowgDRMScekGObJwRhqbYkpgWqZisxVSWFuFL,cs,3802,34
cqqfNORTNvfslKxKSEIJBNEsNIiJgYCOvmLRyPgyrzchWCGEWs,cs,2554,13
alMKljqlkYKfsgblSOuhuJLMZWLACTrUTtpvBgwsnsVbhKVVqY,biol,1237,41
wqYHHRCHfHokFFwXwCQwWkdjMlTutrKZnQHjfjKtDMIPQTiLZQ,biol,7767,2
gbgOVuBNVfcyVfIYqEuolpMARpOHfNmzEwIkKAHEJNaUJdLCPt,biol,4773,3
xKvieZYaiUwXmhdSHkqahHOEOeBMYbhhQOVTvmSwMWDMKDrtqq,math,7524,49
GKoHRqxUTyoaVfuGGHLcRZjKzQeISZpybPBASmRxqPkYMIfofE,stat,4555,25
vXUaHtZhnPCHyllpepoOQqzgCZHTCqNrRrYkaFSxTxcqUKUrlE,phys,5943,46
lqicaZmRPgOHtdfBqCWHvGLfjvjfGMSHghPvaDNCfKIRBzZXCw,phys,4151,1
VbULXkoRnjeYFjWbJPzsUFtyUzQSytNPlGUApNxkPcdxgmgnut,engl,4276,20
wxCwZiTBYpBknQseponweliyCBDuYfFfoznpsVyIyeEQmvLenT,engl,6083,25
pFcxfsHsTVDqZxjXgiHNcrpELCwvaoTAhfDkFafPDeRUXWPRKe,geom,2582,33
JlVxLMSfWXcdcrrItElWSXKUMasAlXezrNINVeJMNgiVwmFcuU,engl,5845,35
ooLnXhEiMKyXccbLYBXctbUZzGyPoHbRkwkGrtHOdbvbHSlkCB,chem,3185,21
OUEffAzRMiSFRbIwagZhsEplFRaYKRBiFFUBQdlGmVLCNYreaO,geom,2093,3
HkHirvhyrvDJJFsQuZBcsLQpgANpjwXyFeMsiQOdoGLlYkrBlz,chem,5960,36
jZKnuZxrnNyBmkWFNBKLUMKVHtslYPWMeVTuIYqpVcsYUldGrI,phys,2253,16
KoMRxpoaTrLukJnFuNhCqIqVAopqKTguWuvIeDxODHcURFhgWJ,stat,6727,50
yClKFAlvzRSDtgckHULZGFjRTMPhJWtMpUttFcHvjlOEMgfGUn,phys,5586,8
NjZybyhPZEhFtzTTijClcMZTyXoCOWlAEugevzFYTlNBmurOUx,cs,1992,4
yFPsoTjxNJICptNfCdDhCIrMDJhmGvkouzqUydORYmOCxEOVFc,phys,2735,10
qRgbDFvMXfOaduUDsCJLgEnkSWWGOcQrxhOQsFNfzWaEHNkYXM,geom,1719,5
ldXwXKzFRoMXSKsAyBkYYSTmsOcrMUuNzWHJCEwEqiuTTSXxwq,biol,7166,16
BHCACTyLBpuukDIpPUXXWLJaOZjtqzCWIYuPCHiOyvzVvLejdC,stat,6540,43
FEdsqNktmjxCQgDVVOEDyToaEjXYJvTwtBszTucBhJIMEFUlBF,engl,6105,22
jPQoTbrrfdDCQzJdGPzlDlxsdEKDlblGFtRXSstDubZUNBoFKs,engl,1744,36
gLwkpQNIhCwmPAOQFbLFASqiujKijtQblAYDoyYwINNSRKKJID,chem,2058,30
DXkwbyYmSEqAUgUlOiqgPuKVtHOhueOWrDowkmfbNgsaIkHoYF,engl,6534,13
ewIGnluwzoVZWFQYWGWvPYWKvZQPrPflMtZUxTWNEePxxxElJY,chem,5752,15
ksoiKkvJymAFIRTiSJhiVlbRJXuKZnRLGfVZCWfXedbRfjtmXt,engl,1139,22
JPGlxjrqCfjTSjRkOhUrbWiiXMAKudnmlFulxAMfdQpmrgvxya,phys,7517,19
kbIOCNPVnjdwVGvlOtwoIivSCIAQzQuHdnXOXaaLWjwMYGlGTr,biol,1752,31
ymfrQdRSeezCMaGQAgXzIkpbfsMKgCXvITcsTngCAxqJWWzoQp,cs,4964,31
iGycNieJzgsCKyUZfTwcrlygzmLtUnkjwBwVIenEjEYcoPhdEa,geom,7864,32
KvPAmppcEDnTtxaNLziZbsROcZtjzzWIIxZBOvURdivmalmfWf,chem,3879,17
YeyCtPNzIHDUHdJEoIgyjwMresDgFlSyeotijNGYNcLsFrOGWi,chem,4952,20
DjFwdFIvspXDxNfUdvCpwGKqQjTAeXffKheijcoezfHQIYbgZV,engl,3154,36
teKFJnNNFunGYdccZerWCdSfrjASWwfpIETzECTIgOpODYaBzs,biol,4036,41
ciEBcitOgdQeLMhcflXFTTughTizPeOsaNJVfvxQmkUgsqNatN,geom,7477,20
uLiVKSusCVtauscIjBFETaGkmEkvzrfsqYylWrmGUeZelgffVk,biol,6641,17
UhQSbyTegNheyTwVcWvpSUGslQuLtyoOEOwGLAmoLuvQFigRlu,chem,6240,46
bziOispznTBtTpYloRwVCALSikDrAzqbYqvhOvOgWurFfYpHuf,cs,3889,35
SBWvEYtXNJtXelEpKphNBmlRWkQMaICPeRPoYMZCGSUmDPjBrA,chem,3162,35
UXhLKVqGXswymefLAaUrQJdfqXzVOcUXTPGZWzBteWfgeagygG,geom,4516,7
OzcfgvApkICEywzQxWbGdtBVsNWWqwDBTOXndolVuqTMktAcAU,math,2022,15
gtZdvAYLThKaBQAJEKjKButVtqPLwOqmhYedqSCNxbsHmlTFQg,math,4911,47
nokWXrIfYmphaKSyNfJiXbLYqMbvKTigJdupMYohMlCtOEfweH,cs,6171,39
mELqbEPNCZjbodmoPPOCIXuNTfjYuvbrkRFMUfunxedIfqzjxe,cs,1856,34
kSIvJeETpJbZAvHdmceuXjcldEdhVbnvjdRAwYVyKcpYdXgbDy,stat,1983,2
nlpUzFXhSJGltIdZBzwAEGhepRuLksmZEQhQILYiFydZxOQDQh,geom,3487,9
KXwrnEZMYSVKqIiwndrhuwrFTMEyTFGYWBKFDlNRjYJSjxdTNS,math,1471,8
MzVemZFqKIPPDPUzGNGqpfVwRNurlFtJGmjpfpeJIuBAcnCelr,chem,6302,15
hXkhTzjxWZPbGKtmImnMETFnScWjEscbcrHpaWYUNPPtSQrGKB,biol,4373,48
ytRNeTilKoZZhQJIkYVbIznMkhAtemNosxZKQCqQvMmHrlJhNq,cs,4983,19
tFQmkrsrLsWGiFrnQjMLiRsdGvEldNjDoztrRKQENKGNgddGnl,cs,2021,24
liTbqUSTwxMkoCWxDmFszmxKDxxSNOgoHzOBDmYEDmYCWtzvkn,stat,4216,22
MsIcHTbOAQSrSjutEYNhrrojLGXffYOiycuDxDQmXbHIxndsSL,biol,6702,24
ZYPhTUcCQelltkhlgSkxpNqtMdHJAzZIfTcgDatMbSwaFVNEkp,cs,5178,43
BgpSSpAHYaqGzBpgSwrvQBiJGeeXGXMtGtOBUcBYXYcYtOYdwU,biol,6069,41
WqMCbTHQyvgKpXyvWNxisKIjaviBTPAMHZShHUJRSAhKjkNOVQ,stat,7413,45
NTyWljaIfnpZnlfWHofBfupJWtVhLzOMKhjeAXevCayhtQhybJ,stat,7464,7
fFeaVGjmAXcWJcZsgUUCfBUrikDpuSWJiRHywQNCKQBnFmtAKl,biol,6074,17
MGwbZOKtNpGYwinHnoatGyylwjGOQgCbqSVzCvdvyuAopoIEZd,chem,5798,10
MkFbWlkEaTIovabODScRbeKWifNDCvvDlDKlXaqTZelODosSgn,phys,7212,49
OPZxtgraAudEdChvegaQLvfljCSLGaLAtCZYVfcxscWAgSItcM,chem,5227,46
dXNMzRixUHUFPqnuVsgfSTajoKwOYGwnBNhsQMomAPQzwAdXYh,math,5957,40
bLVrcQofrFrMRVrTOFrFHJlXaijLIMafAoNTcXiMzJbYkZhspu,engl,2633,37
ngqLSyvLAYPNtoSkRlCToEMEtkOklZpsYiHtwvEGIiwkuIWSLU,geom,3889,29
LJGVyyMcxKlpahIQwaivyNYtWSkKLExrchVCodTcaxQRTHnbvr,cs,2704,35
xVfMACejgLTGyChXYQgnUyFsMnzNLqwsZLYoLgnMthnPDgqjma,engl,2690,7
PqKAafKYxJkwHcRYQMMEmijCzGAnOTUAurvtGkwnEabWZWYaXK,math,7879,29
kZQfJejvTWYtvvDLdooMZIjjcUsAkMCGQrBwIIHffHtOEWPzBf,geom,6939,30
kLFKQfzZmQIxRZjkCZKFsSYDMntHJhnPeGkZitlqutxpqXxzwv,phys,7321,13
YZVsJylrClOrdGufAnlYCjReNfQJmZIdvtBGpBDKjwSLnDVpsT,biol,3642,30
DNxzWwHxeorFogzkDTWNbHQkaARqyjlipfKoYOHynbDofSpRUZ,cs,1795,27
dyfbdbkQDGCrvSkUrNAsRgnrbdVmrTsVCkJJZgkTWLHVHZmZTC,biol,5601,42
ByhBVCNkdRHmjJnbyxGnqDESszcwIdxFYvosCvESOUAIhcbhLm,chem,6753,36
ibNMhVeUoGrtioXVSpIWBYOkLJcRLAchVzMSPGcKGnlBzIhGXu,cs,1873,29
bxKCIBkugArWJKIZEwFyhCNobdrcHgnWzNGIzSipqNWYLTYhpx,phys,2925,19
dmIyPQTnHndzwFtUfHCqzUUWFtqnMlMPKmNKtLGMvFSFiMTkuR,cs,1947,23
frSGGwuxZXVriCqAfsYqrfnPfmIKJCDKtvtxcdnywVTRpzexff,cs,3427,19
FNLrzVBIzVzjwNUmNaPEEzzagbfKGZwupJPGFabZvsRyAVVoQz,math,3614,37
dRmMXgLOywBzkQyASMrJIXgchyLSJwohkMVGsXTGKSGCjwfnqJ,cs,2132,42
DdmoskZPsIIzFLzGDgiyIBnSsKSeAmCwlDZdXkaPHafHTkRUAr,stat,4242,28
nBNaHKAnCurNtkUKjBCIoVTPVaTAXbVTXzjETzDRqPJCRehxFX,biol,4225,25
InNtDMRUakondDMhLITLjxDCoHrcnyXUtoliNcRoNrDkWSvSJM,engl,2350,1
pjjUPjMwzdSWkcEPfCepnFStbZKOvdrrGZIsWjxtOGfoFLRzSP,chem,7542,33
hCRItwiISUAQgJutIqpbjFhhcESjKTxQghZsdKyNxUVpvaVtPm,stat,3644,19
msTZLPbJmRXZsvRPaFVjMkfCEEWdGynPIyDtWCWXcJaXELnZgY,chem,2719,47
ZikPALOJRmeRSzOJduwbssNfhhjYuBtpAWZALyUSLKUvxgcDCA,phys,3799,26
sfuCHnUbYOvvYIskHAzHVDBOkareVTcVherHeIIwmDrLWHMQNT,stat,2052,50
FvGnGpEWBkcwklMSolmSLIBmetRlDVgbnXFKZzGNVvkVTGFpnP,stat,1321,50
AoklhqZcULKHrAxsGWkcAplFeBeplgxWECBzLbvnEokbgZwDWW,cs,4845,41
fNfUwxZcvCNjeKHfRWVLpaiwDcDVEBRGPEcOahMnvXINpozZne,cs,4353,12
wRvjNddnKPQcxjZcFgLFRfdStUZwkksGdhwUbPQSGkufjmugva,chem,5417,22
oaGVyAFIfJvWepqPbKcLnQGRwXWEPfegSGLmskiFTwfLNQeREQ,phys,2582,5
ccdJcpLWLAwJdSXtjiPxwHMUjobNhxPdLqqtDNetmfRiiATuSc,math,5948,44
irKkNirJzcOiAdZgtcAcjsIDwgxhCWomqYLoLvifCnUZfJISdr,biol,6190,18
TbghKdAlGRZLCbJajLTdLsfUgsgerVMubSXALTLLKxjwgsdUpG,geom,2798,18
gkRKEjbMbJEBvIGuDOiWSiEFTPCuhXonjwWURcbyizXqsPSdHz,biol,6278,49
LCWQzBdnRIFrtkrnkUwWheIMeubcPCwzfQsSONvToCimUDlEHl,math,3653,0
ILxPhBaDIiqvqWvYjFhKZHOTyQIFyVtTIIJlBiYUDcPfrodnNE,engl,7504,36
hDOxtUPdNpiBcJHDMclumAqmMJrwGmSlNNuGTAVKSHCfwirdVT,phys,1514,38
yXtJFHOXxwmgfMonEsmPKksKiJRBSjDUyMLDxlGLyrLGkhqbfC,geom,7781,13
lGseJcRZtEZubrGqJCEwWrRvvSedTnwkSLFmhxXiDnhiyZUflw,stat,6603,16
PUNspofgYBYhNbeYQdQhdDmVLFYujgibRSsykTQktCvhHModOd,geom,4620,28
QOloeMztWdBDvmmHROkPBImnKCHMRrNivxyMbJzFzdhinQBKas,stat,2331,5
RZoFKzGTMERTCSucSfDQPJxLbPLZvpvGPsFfpyXvBMXnrruyrk,math,7821,22
abTqHCtmYWMaUWWViAYqyHQQAzQmLgYjKlYNbgthmSKVHmWjhN,biol,5285,8
BtWzXLfqnUZddyVLniascOLESAWTaevtXpDIPESWHYmTAxRdQM,phys,4042,25
jeQhAvIlyqGOBjNoIrPZdOrRXjWBufzKbXSjdTuMFHJTIUDbvB,engl,4614,41
KhowllREiPRMVnRTpHzylBqFBRBYkVUNFUzVaSwuktxhxAwwnS,engl,4956,28
ZhWaFcEJoNchaMQJNxHiOiIDXtKKkBaMUKdfVZuStbJhyvmRQs,phys,5690,17
XccTNePIIWlYpGBgPoPRegFPwaaEVQfaldObPcmaAroskShzRZ,phys,3451,47
yarqQkizYbGEBpCFxRqzOlKsvAwsCXHsapCtUYTcOlwPsIOltg,biol,1123,17
QZWgcFoyHkBzCJrQerPikMgKcNBCKlwPqhuFaeAVjqJbwFEQxT,stat,6508,28
OEkxVEIIfmzMsKiKHLOUxtizvXfLECucSrejaRCcwIwsOvuFOA,phys,6424,17
kTyThfelzJQmSqXkzdWrcKypngnxYBhTMhlvnNPxGQokuSiJTZ,phys,7087,25
PuPEwZfslATskGCqDGqkRfLTOiAotLVmEQuQbYhyLKneEwbHlR,phys,4628,35
NdKewbXrYYMhaxchDVWWAkoMYLJSyorKWKLpcxCBeBtpbqUMle,biol,2534,14
ofDtksQyyrvQmCKmawhSIBVZNYtFWDiHgjYvbsvMFZOaaOMWtT,engl,5034,24
RkRSFCStEoTkedAYoIuPEphEMUkivyUsGnoWYNSwfMdAxLEDEb,phys,7959,39
VcsPfugsthcPeCWJukyXeSxEsRLWnwRkSpEygmYtNMWOECuwmt,phys,5095,41
zCsNrkqXgfgvnLQMugHKjOpMwegHgJmXJxYAylCUpwBZmdnJmz,chem,7899,34
CiVLClaJmHiEsqJoxxTbzASukmWDbOKqjKNYsHJHHIjaPMSBLs,stat,7149,39
cXwZFHLxRfAmrECCzvtcyiKIvJornFiJydJWfWJwfcwexdRnvq,cs,2946,11
mpljTAjSDHxIjykfeGjfNZjCeVQmAVobpnHeImqYQmttjQrCGa,stat,4174,43
IXJfwBWUoNBGcdbubgRjIuYoxBFygNPuGJuZVbvGCWJPoyQOaZ,math,6569,2
NkjylHQKPzJeunysHwgLOaJKQYTDQrJCMBXUJjfhFnmmntRDxf,math,1760,49
gClgodsPPvqgtntssUWnRQXvqSRAEbfZkZLKoIOzNiFOtnEdTO,geom,5166,5
YOUpIJCvmaOqsDBvIlmCaRMCIXviHBBrGoYkdMttcoRICIOXsu,biol,5109,5
zWNufXKQAvECdzPkImyywhqITsbRBYSNFgJUUCNQKbqwdmEXKf,cs,1060,17
jSQmjOGJEBJsFYoGvxKrUQvylQcVAPYeEpFjMtdtxJwFGRYRtr,chem,1823,3
yFVEBprgzoeOLsPxtTduRyzXYnXUKCaTwfLhqWWENTDHxlHTkp,stat,1206,42
YpspOQCjnowoZWFXbfMlYrbLRYiPIZcAmQZYYRUqmYBsWWyEKQ,stat,7424,43
jqGxVYZKKOwNWJFprPLIqHGSyxSNnTZMtnAzUNmIpPMYZVWfyy,biol,6987,12
ekcDJIhLQjWmJPNPztmmHRVuyfmKLFJEtxxKgSEYnStBGWBZeW,biol,5481,23
yDcbnIxoYVrCmszHZWOmMcLFugBsdgyqVWaQasquyRJBJtsaEB,geom,2784,24
iyJZjrynuJLMlyWriIKPXbnzvSoTuvytAuNChtDgOwdVHynWVy,stat,4650,41
iMCXEPKzUagaDqKYRdEBIPqDVSQAMOxPtjhelMoZhFexGreNIv,geom,6056,20
zpJbTYrmNECucVQHdEGTnQSiNNrOWlmYSKVNEvyjsxqNvlZQPa,chem,4125,26
hwZLiNomWbIEsBDmdaFzdKqvnptKbReoPXjzjKbVHKMKEIawqy,geom,2192,47
joBxmgvrqqOuCwzxzfEJerCQNpAnfzJztXYvTXIzPLUEoujTFk,chem,7277,25
gWovtSXOJfqUyKZgIslpmLOMLoMNBMWvjtVLLyrsCWLnpVwDdK,biol,5329,12
MLEyxUiTqBKrmTascpWOTJqIEwGINIbQcHPdTZSsGbbxRpXqws,stat,3498,9
yGBOiUEkQTLMbIBKMmYRfRxZnagyrrNirMDSeeFlluAgyQguzy,cs,6487,33
WcUIeHLKSCMbcUXwSzuYrcjbocSZaVWGsNuADecNuqhpJZMIru,cs,4440,39
hRfMUWMpuMTzEWGpVnqWnlzSyVhpumvcrCccGolZzkxtEcLrIt,math,1925,5
PnGRXznxbdjEHvwUOxVMWxSveHnciXAzSrRnsoohvdlUdOgKtH,math,6835,0
IxItizTrNRnbYEFfZPJutRjKzGkUbxyafkofpImUXUkVIhjlZa,engl,2339,42
MiAnaVQCFSGDCsRlGuGnyWGToqYxMzkSwRutHdwIJtqipzlsvz,phys,3399,50
yTrQosdNichRZxjtOWXpavdtLFUifqBtuoXbxmQQrIkBflsHIR,chem,3798,10
NmqrKykGJnQNtYJyPzauffhlbSTixXBoEzezoivCqHMBmchIGK,engl,7852,36
sdxDzigWjZmqGscBRnzhAZUwAsOkPTpbnWwEzCEZCNuIGTBKXA,engl,6080,48
aFKwrRTFnfPBoIahlaFZdGGFdASJPDRNIbzcekVUaYVAbgeubM,cs,1398,23
PoTBVAbaUzSTAlQtlffmSFtqYZGSfYFArMYqmzZkIuUCmojsdO,phys,5926,28
DEpyAPVziWHMcrBGIdDArmNpdIxeOpoFCjLgsfhBKIfkcSViur,stat,3861,45
LFPkcUkryDoMeDOXbwIrvtxhFZuKHnKRwicubEqMWWUgfIIhwF,math,3646,45
ARlppvtzaZzWiTKJmJyENRjYYEoeOGNdixFlCRVrNqAhxElxkA,cs,6434,19
TUUXkLXavBcCAmQmubdTrlGwFurqRPTRDwrzeHrKblreLfmAZe,geom,5057,31
yMVrVSgulzMsUQRMwHhfdswGtSpWIhlalElrFWeSMPgZZVPfYQ,chem,2110,1
xKApwGAujKAKNNEBhknJRAIHIBenvKLpAndZShksbosnoFtlgb,biol,1466,46
JTcXqQkylvwRMtaCrzIOEkxkkAQsqUdOzHXvygnGpDeJSoDPfx,geom,7239,18
PHzZgnzLHjGvGAMHBWRWYJjggNBbcBdlJZEDBotkgYSOWbEDeQ,biol,4688,12
xxezsVUmPCPDNBzQPkjEpFqKXClMxBelipTYbatTSmESlOoNRg,math,6159,20
CfQBcidbeoPYKJVrEUnYkGtwnYwyCaDdFmTtdYSzvKFdXeUdhF,phys,1359,38
EwzNgeMrfaSuOmIMCTienTBoDEqlZjuRTuouWitcKAjjfAEUOs,chem,5508,10
xvsTDbcRZAhCyLjGWWqyldsYPffQLxcuhgfnvnIOwnMuuLDkoU,cs,1370,15
DjnuDaglHwZPxPcRtvAGYolfKjnuyzynRdhpSyLLgmiFPpRsaI,geom,7961,36
tCADTSzHTgaUqxJFWFoUNESTeWwbzblavgHScXHMUZeFOxWitM,biol,4505,40
DXaaTtjJUnQABLOLqZxxJeDsPmcBXsEjSuLxmvAPyUaekeOuxB,cs,5794,15
elPrCIHlQuDFCRKTOtZvCbScJXYdLNYzecaJAeTjicIFngUQwV,cs,7825,22
ZKQxvlECrvybqWIzZmtSzwPvuEcziYJqMiqIVvmLPjCIfDXuNL,geom,1872,48
PogtYoeRTcUJxgvXpohQPWkntrnaCzykclUnqrPEeuFIsxmxtd,phys,3948,39
dtRiRnCFuhBvvkzqscUZMOeiNuTZADUhLRNmoXkPZVJoaJBNNi,phys,1615,12
YgyRmODdDspeFXPmWNnuPvYBgMgEnenXKoKVveZXsCDAgVqUey,cs,3175,12
jLRaLQqREqbpmYoOdrXFWINfXPlZQbNzBjGZfaybKsGYMogNJG,geom,7241,8
VoeNilYyCmIqqjFvwaWZKYciMgBlwAPRWwCGGJsSwBERvoAyZl,engl,5778,45
wbrBiFTASueRVVoVdaBtJZiMynMawpFggTxavqbDguePDQMmFA,chem,7595,12
XXnsACgKZDORFNMXxmdeZNBrASZJeeEVBauVMTrQCIZILRslfC,biol,7977,20
GrqVGguQtwVkeKWMgAcglKLsNAuCyZSFapKjakxwRWurvOiUhB,biol,6368,22
OCLOgadEGvFCRUaqwhacUyxcUCVVymQutUcnUZMhwpVPfytcIB,math,7143,16
DBATWYotVMKMvlIqgNwJFwNrywEYEGzOlluQmwBVOPVKJyXohv,phys,7786,32
nLlOaGivLzmXmJFHoyqxbZEtaQyKoEzBIGhrTmEzTzYlwwECGf,cs,4413,0
PRsRARUnqUhaYGaPwVGJhZwijdpHkVkcRNzDvwSZfugtJEZpho,chem,1170,21
jQHBJoANEIGuWXyFCIQlrqTJjebpVFEEyWHUsYgRkfhqYzdxSb,biol,1490,16
EUSIDQfvtpfpTjRRinKmhpQMKycUgFxzVcgFbDibsBhBAGOQGW,chem,6669,5
jtkWrOaFExtwuqmObMMaInkunCUsrJVAdzNSvfDmeXGYzOUcPI,cs,5572,36
EQnwbVIWKFwZgLImKLzktzzxUiKRclvMjPPdFcZLuZiVTdzvqC,engl,4839,18
pockSsuHZFVAECaVkCctoJEeTpZnSWdOyEMpujgIsdUbFLIxZc,cs,2318,28
pslJZKXpgLHEtaRUizfotMUkByzcEeYgLGtkwRkjRMJmwTbgct,chem,1311,1
UyCcvtvNWQYoTORJNkjQLKJACklPirgjxDTdaBxvFtwbmHUXJB,geom,4534,43
PGyNWVBrNZbgpQqRKWHjdaxnWFfRQVNuMRiPPzokfROfJfphuK,engl,5861,23
TsDxoeFHtpmpeKSRnBnRFBzTTTMHgjWJaFUBEXttnkTRgeTFmi,math,7264,9
izkPVhiggJEFfpXhNFfxGrkzdxloGpVBEwBfBFLCeRbihXjanr,geom,5452,27
EKBaCszwlVAPPJIegpjsekzGbrzkGzEvkkfftJNjzQVduRmQNH,phys,1299,32
lfvmOnsXylJlPVJgQqTNhbegBijzFFFWDYsURulkYSAbbMNWec,geom,1413,24
BgSpmbIFfQyAKaDIChFoozTGEwMnYSINGcsGLRoVaodSxpRIAX,stat,4698,46
vPZsbyAaCrileylmUDpDExWLwwqAOUfFhSfuBphybigMVjChAT,engl,5006,9
mBUySDKWZzLqutxQdbysszYgpUIcFVDZdGonKSGhEFdtvpOgPK,cs,5942,23
EhEDLiVvVJpekAGuGjgKYtpOlRweqqpNQftpYFpsYgZpHvTIKr,biol,4629,4
BgWoIkFKPoMfTrXLngemHURPdZYerYKLSbLYVQidcIifpNJHea,phys,5690,49
FzfKgVIoIFZeuynjGfGJwqggWUggwwpidFPAfNiviLSZoHLNkK,biol,5721,28
QOVZBOKBOYgpmMDSxfDYOIxmEnwbNiCFQKZYLfnLMADwvBEtWe,math,6056,37
fcJAxjlnWBCjlWKoXrVoLnPWzHvjumJjgQcnVOwacoEwgMfzmj,geom,4427,48
tjUbzmdBJLqBwUMaVxNZxFmfkEopgSoEFOEJnAQQjmxRymtkLU,math,3577,5
bCXhFtflUCkBgbBxwbqgiudYMcrvuVWAEzECzIJGChVUBPDusv,chem,6438,33
RHVIjiRsoxArWfabusmgifkLdVnMdCQKhWMUAlVIsbDjoWVQGu,geom,2491,1
erkXxpqugOdeqVSFCxpnvtmduCnLMtHXqKXNSifDcnQrIVYWUs,phys,6988,33
RjSvpaoxYvSSofRGmqbIJfXAtWciQAujvuAGmKpPCWsBzTQhIh,phys,2623,44
cKmyFlXbeOBYdEpAQMGSzfqRhYsfPdKAQInVWkODcsRIvrQyyq,biol,4127,4
HnzwripQvZzmOFaVcnhTKNyvlitAbwkOXMWIYIMkLzFAefwNrj,cs,1088,8
cmNYQtbELjVMkbTJRyGtwhlcjXzniiNjLuPVRByRdAaNptHBzH,engl,2962,13
xjtauWhvAhxkGdeikrKbZXkFROtKdCwSAGEgBMkIUyYfxzGHTG,geom,3219,39
OLALeOQpBcCLSpKfBLWmohGmezpGrqbLukeoyGgsesHvWqMmCn,chem,4512,46
vSSFOAUZfPLKmjkiZXwYjlXApAaBaWNqMWPuQYwGezImLkjzAG,chem,6303,34
LhzNtlFHVwfkTojPLwfNtWiUUogodrrICBqZTHxmehrNVveXeO,stat,2168,9
dXwPYOSHGDbLDFHQdKlKibhngqKyVlDbyvDBwmXTYbIqCpMkjH,geom,5891,50
azzGEKKmmQJxXTTrqWrcWPULjbhoVhqCXGtqCcwimxXPHXobgy,biol,4572,12
ZXKpxTfAnHkmYcpVHZHDHDKatiyusyRJNDFULcFFlVNlLHhQpd,engl,5219,39
EBawlBXVQkqKUzQeNzHudSXMCKwpVNLSufPnBCoZewErrwaPqn,chem,5764,48
uGPOgMQeOCUDiBfOvqJiUutdngsAiVSqUEHBzOJPYKVjhbdfen,biol,4169,8
TJnkCECOEsgSEEbSdPAMEEYfyfpzgSHVlwzRjNLJrOhxDTfKzE,cs,5850,13
QgvnFWBkHRyecnydYwAXEWgnhCpFYsYkQlqgEUSBWDQPefKyug,cs,1400,1
CkeROdCQUKZhmUwdzbbaytSoSeLeDHIPDIUwzhHwBlWfVzcUwf,biol,4199,32
gwtEGrRPoshcAEhZWxjAEvOrbPLcWtiwLzpUdJIwuWcvrOJdVH,geom,4539,41
QwsdxHwnLjHATnppJVXBmyLgvDREvahKMSOgrdOTWqdAXoJFQy,cs,3712,41
FQGxMDPTuNSyQtbHIJoiIAjXtIfXxdjWMwUWLiPLbgLXPLBrfq,cs,2108,37
HvzwnDbpJffKDHFiSqeDcepzyrbVKljbhkrIFLUhcbfRHZEZab,stat,2365,14
UTmopbfWBKDvEQNQwrZwqEVWGdRKPvxCyCCVwNwzVRpuofIFLX,chem,1147,0
RusMpkcqanfsPmBAsKdJFUFTqofLhmorEBVVAYTlXBJKBIQhIZ,stat,5987,43
ghZIvVoXlFHdskcqigLlsUhOxBUIAyEdJRirJaZyOXdVnrhyVp,engl,1238,4
cPHQRWozcOmbTfjTxdZQAdpjIKinEqBoCVlvmXRUMNOlTLTufJ,stat,7823,17
nqcDCfInffggYNNUsqDHjItSUbLYisNPNjBbfqdYbYedeiumoM,biol,3060,19
ZJtKNKWOFFxoyLMNjiugKoicmSFeLmnvnNIYXVzWeoRMenvXvP,biol,6453,35
ojstjLLkCOUMhhTsoFRhNcwbNDFRVlfZiMYPAuiVDcOgKPfazO,stat,5760,42
eEYmNMwDJrLlMmBiMnbukfbhfiFXxLvzvDSvhtVYSPVvwEbCds,stat,4240,41
UbjItZpWdZUVqCDjWbZSwBgiRTeTcNRnrLRiNwzWouqaYQLxRk,engl,3056,15
BAqKEzzrnYKDZyVnXlQtzmYEssfzxJAGzQIddgzYaXJhaZvQUI,math,1401,33
JEciMhNjvObLdvbgRGlnnYdCsGmBlJGsLrwySMUwBObauRIjqj,stat,7610,9
mAeHEVZFVAHaWQvMvUCeSVHIgDbkUfxWZJllanQGPnBXPkigTf,cs,3567,45
hVqrzfPxfFTRLLGDmkivuSkqSlhOnLWOvuLfAZCnynhAwORJQV,stat,2643,38
rqxPkgDUaLXkkyDekqEAlJoYmsPpwxXViUfjEtTGYtiCKseAsb,stat,1397,7
LmkbvGiwAeRUgIJFpHDUblGldOrrcHWvNMhFnHERBSRrEvdCWr,biol,3333,2
TVGVUYnxmoVSZIZkUHkmIZoYhzwGanngSibVteEKTycCnpTWkV,geom,5501,27
KYqrlQhUHMcKmatHirgSopeitOUERUenaVBsvZXKeAevtAjQfh,cs,2814,16
YFuxhiqcvkrQXzccTlCLnJoDMmpXJTPDOYcyxCCXCfmavkUNMi,stat,4443,36
GHxuGOATtzxoTnIfCMYtolhleZpjpCHUDPhvjBUyBKbwYAzORd,cs,7236,21
uoMWnNzpHMXCWdQhUBjnMydRkfulpcvztDypJRcfFtMqGbuqBy,biol,3518,7
afSMuDHrOHynfYztfuVjMrhHuDimTBNdIXKNHJnRKaXlYnzmHu,math,7274,31
aqZiDooRCaThvadQLIXNtqLwDKzdeYXjGKQavwbmEzZEoOZVtU,engl,2990,0
xeigsMNOvCUWtbeXxxriAkKsppYECyLxPluUPjiNLipqvvUjYG,engl,3287,0
mpTMPXgAAdhXKdQJEkfhqyHGLQUhVyXpcScucFRZGrYqAraoJJ,biol,4100,2
LLATudioSjlFRxITrfLTcpkHVWcBiwdQlhOTcpkigpgWrsTHze,stat,7943,15
gbQAwzYkcqNLVFtWQBwwRPGzdBsnosGEfQMQXbIwWMOcYirvTG,engl,7575,14
yvlvmjsaFymHZIsFRoyVljCKnrwlKGYvXnxzBvUtCieCSicmNX,geom,2769,5
osSPAvhtNUKAhCBMDBIbRnNtYKQNJqwZrYswQQBOuaCKcGgdRi,chem,3122,39
LqMhlQLohXyufaEFgYpLOmAcDNrSuVHdGgCayFAcvyvTptSAJP,chem,2697,14
qJzHUkCDggqxXGKNNuxgtfoTFKsQmHUtLwadlPMvyPVYLwKgdG,cs,5187,10
FkhQfHfbveOVqGCYoUapHfVkYriWGkoMiivWwbJMAuogncwVQo,phys,7164,26
rkPnzcnPOLwHZWcsxQRtGZzoqkdAOqTBqiaMtyJmQvFeKQJKDc,cs,4723,39
aRMAtvrDVipACmSBWpGMgpBMpCtJJfsnfKDntGtXpjDzfjDyqx,phys,3615,44
KtbvLywmoaIjaenPHmmtFpGidtHkZltQVVmLLCpaOkrIeCWANA,stat,6180,46
xMtkBCLnJtPVDxgAXxJdsaNxdmejAizSCvPuaVnaVvkegvumbI,chem,5285,22
fRmRpWPTQMHDrVmOkUuzUfuUDzkoLQgnwZkOxkeYMrIwinghRR,biol,4992,14
wJewPStTLKjTIqZrtwdudsDAqqcCxOzirqtGyLTspaxIUfOsjt,math,1401,14
lxXqykiKoqJkvoZMNLirkMMjSDIhlobMhIKJSYNClAlZvHWOoS,biol,1243,33
bmvNwwEPTCVjCRnwnscvPdNPYOjijsFQeBKHErILRUmhetXSSe,cs,1802,1
wFZQJejMAhuvEAAxhdSohRXqWytZSepaUOgGrUVbDSYhzddEnf,geom,7967,11
JUCjBlaxvPHNSZFMDzbyzQSpJeEYPBoCCeoEkzByQJHaBtPBNx,cs,4856,40
zTqlfCXdvpCoDuXZUTQGnamoFXttuQpnYyCqirQUauaGbKbCuO,biol,4848,43
HgPYSBooWwdZBbLIeGwCJDBYPUgjAtRLCJuDqhobuDBshmxoPi,chem,3198,1
odPWDOqTNvZgPHpVLfiZYlvZpsMjBnpKpUMnOVPZlvXwUAqzzj,biol,3242,40
MxeQmvbkqboQBkiTPzMMOBvwVXxtZQZSrcukpSVqtsQHOWNIxS,engl,1318,14
ifhLPwrQiHjGInBeImgYyKSbkfFHLXVrlmrNgbtoffkfAnhLpp,phys,2932,46
FWvkMCJNsBdZzNjnOgtMdGNibhYafDwsprdtRcsexYpkFVMIeu,cs,6101,19
deLOLWsVjFhKtKtaUXXiAmnqmEPHWXgtLjFimmKCNlQDEYmuay,geom,2523,23
QyNOsZqKXuFgppGrCQCGLXdnkvADJyheapeqZzHXagWbnvGapj,math,4870,39
xyfBoncOtjBfZQydKfsBkBVksYdfqRGKcqwQBUyJpmbGGrEVka,chem,1196,8
RUbfnDAWeFusdqPgwLppmQnNujhCuNpkMYgxWLbclnRPrmZwrY,engl,2361,49
TBJlnXBdtRhwsmfLezxKuzOPAvmYqHExGgCIaCqyQHRmkFqnLr,engl,5239,31
fYXOpLRGTVEvwQguAARsFfEAZRVljLXaUHBpUvNsOubbQxCqjR,phys,1670,13
dWCuKCyWuWSAjcTztBcakAnRrSFLSxwUWqhsfheJkyghsCGJxc,geom,4905,5
pKEDNzPAHBsRnMoTNmxOItcvxvCSONOxVTCQROGyPYBtxioclD,engl,1551,4
xFLdewMWibyLSZctkeouUctduaPGIwYTrjTJYEBDWReZeTHsJs,engl,7682,33
OALlhdQnomYnMywIgNtKmbOXcWhSJzffxRDfpkqNoHQQAVQSGT,biol,2102,28
wmwneptYHeGqHhpOzQUwipuvUqJMCiHorSHeFbcGQCRoieOukh,biol,7795,12
PrUIBfOEWLvbAwedLqJjmEENrUaLarlWYygQuwvNLHDfbZikCu,phys,1294,6
iyFJuDTsMbjvkZoiInMBlAvmcHSgzgntdEwHvibbmCLyZnIGhn,chem,3076,3
wTUOyTsyRzUDBdEPAkNyXFvWNnqadmDWUPLgMdBJtWVQXKLhzF,geom,7781,45
UekBKCfpHVwdLzcxZhLzgwOKpOAFdKMzZAZhXmkAhLaMyMledd,biol,7093,39
dHstuWRWyRSujFFGFPCqclsDXjGVZvmaxFisvOfBERuNZFtKec,engl,2168,35
etvjxVdkHRcmiKfdfXjKPIQFXNZHitEkSvRnBJMNUJNwDOHlyW,phys,7365,5
ypakFmDyQoPCprmUswUjGYgjvXfEDQEUdugyWoMHyCIgGQHxFI,phys,5260,49
OaGHzlutqnofgOPMqiFlDexufulKHyEVQDVdopfqwWOtyoINhm,math,6047,16
qvccaaUzmQCWRfYskrtxRInNcnXGjpeXTZZdcHpcfPSfCUlsCz,stat,1688,14
crNyeLMriKgfoPZYAUqIhrzYvPUQRTcNcwPKLuhZraUmyDvljL,phys,2528,38
INOSfDfLfPxCWMgzmftOWAkTleaFEmstVDopGUNFKGeJVssAru,biol,2360,8
pIxBCqYWTkMKacUhsBbrALXqpsTaXnQiPjbKqSzEKtlYkrPCar,phys,5308,3
xoaROTeVZPvelgeKfCRELtMcpnoTCqWorjBjxdpncWtFvSUYWn,phys,2848,24
MJeIsamnkdIxTSoDURBwhudwtpCpMilACwZOEhaQQiAOAHKOzx,math,1014,32
hgLUekXxRgpfNRrNEViwZRJmGqNtNtOTmYRiMjpZbvHIgIkkHK,math,2266,35
HzLCkEVNdfBqBjmBCUjYMYcHjZihiLEYguTbnZNCSiMuunoBEF,chem,3969,30
ghUQSDYisOmxedqMUwWiNMhzxBMOIgAobYbrElvqqMyPjWkNDS,biol,5209,13
oRjTbiCVbEejYDSMYcynTfQKZmoiMOpNVBNSxmxDNfkobSsVwc,geom,7220,7
zCbMwYbzsVSuiVRfDPQaQrugHKszhBRnHzMrShdrxxyQfEUntM,cs,1286,9
HSEDqpFMRQEbqvbRZBxuyhCmaWAbXFveSlLiFXrcunwgrYJGZj,biol,6770,28
utGBtPKsDjZmwjdjTwOjVJnYDBFFdRmRpYndFZtekOfTttaTmy,chem,3179,15
qjZRsOWvFTWTVgvKELbByFWNRWNRyohZhOafCUudaNuQqDOnfC,engl,3874,23
PLpAfqEvXNCIoXrwfQjIhtpNFGlzjBWaHGJgxqIpwJcdgUofYJ,chem,7000,50
IzOsjsHjvtNWZQiVUeQbDzpGFhqvGItJRqaoJUIuzkCKvriLtx,cs,3303,1
IeYQYUkIxoFnrBhfqjupfyQtoUCjCxZhbNQBoZwhVYaFBaktld,geom,5094,26
AlGmeqdTaKRmolBcdJhearrhdsNsPqMeeBFlwraYLGMBZIEdxQ,chem,4822,38
QUpHedsNUIIEtUbgAjaOozWYMgoDHQHTRmPOprxHYLdeYhKVzP,phys,7472,29
DjtKJYlAfbPMqDJqBGoSMWDWmKtCccdaWNMgVCTllBfizeApAQ,stat,4277,35
MFKCdiQaAgqHYYXSKKcHPkVaxHFCHsjXUudAPaNsQkjMHOzmNY,biol,3591,15
stSqwRhmMTjdwCIJLiBkxEkiisKoBKVHUmMtDuHFFRexdVUjJD,cs,7776,9
EesgazHpOFmIwgGzvDBwrTjftqrOprvoBeYafBNLMudUEQPLSk,phys,3747,3
SdjKmGLOPJgzmPUqUwImYcaJpUrEMpTrOPstUdvleGDQQOrOwF,geom,5322,25
EWGpUCXpwLLCSKPAiqrlGDqCUJGHcUlhluYSSzrIxUaqvDzasb,engl,3944,14
UjhrhXjZHLuAQKZSwzTKePwQZepeeWVXcpmKHVndHxiQUIaMKt,phys,6340,32
UZSUsHJkNNOXAUIevsKdFNrYOXQiiUEwmJpfhwKzOHlmymEtIa,biol,1174,10
HuPIUMTfXHBfEQZKdSosTHPeCHODhTUOsQudJTGaiRNQMbxBMv,engl,5048,38
lToLpELNxfuyevqEIFZFjUkeOFpaSZrfNtIsjclbtcvOunqqcZ,stat,4036,1
oJmypdDRrLnulxzeIulQvvsovoQQUlcwHpFhSmwEHWauFwxBBo,geom,6695,24
TdDTrxEnkPjRnqXBzUJYaWSLvxVrgKCQNlDYCyjLlNGCCuvDEQ,math,7423,35
mUvMxWOdbJulaMTJPXlQVjRWKGTIxilMtRbwkmRHpNwlSjWgIM,cs,3754,7
jsphItJazfZMrmBVjXoZKVfRcoEbqPhwOpALjEekLkvXUIAOKO,biol,5862,29
OgeRpMVLwuinDvSidfkpQKFlPsXazSdqxiZUEqRVRkmjwVIHbZ,math,2960,39
fASDebTGMJODjtDxwAGcofQkClAJzZlyQvrefmzgZihTmZhlgC,stat,7937,29
ZCtTxzdDzyPLzAqaFsyKEqNnTBVLmrcsAlDTfSdORGFWPsSUEk,biol,2999,39
riULBuNXDTgRCtSVlcdUhXULzXzcOYJgqmGCXFKJcxpDjMyPQc,biol,5495,23
xPaHjBEvSClnaZYVwXYfMlCOcOqqjclLrmKanVowuMujEPASpK,phys,5909,33
vrBvhYaXylkXnKiPdCCFVoSmxVRAAvALCcKSEjAESPmiBkNgAQ,phys,3172,48
CjmNRaGMUefayEiFKsmUiWjwXDTnXUAiCwfWiZgjOVhBoXlEeR,phys,5746,20
SEOUJsMpIZlldySecXxLBCTMhnynlEUxjKoqWSaXpZHQMuRvrB,stat,2063,46
FnoPwLuAffthRpOCHTQuKMIgmGRZUElnvxkYQLBvuvcQSaHWwz,math,6330,1
eGUyfqvRQAfCqFjpyIaKHCFcNTVXLjAurBMVDJuyMntlLPriUU,biol,4032,46
OOaGqTBzrwuxjnKuNByBQTLfDDNqtmsWxxALLWCNhQGAyHuNGz,phys,7055,16
ubKZOAmQtjamKIACnQcMvnOTDmylTNfevUFlMFKBvhiRrHSVGB,phys,4601,8
ychCMvOWuKWeuXvvjvswvLimmUcpvqiooELQjzvQcJNMLWlCXH,cs,6255,34
LFODJnZNUXmjGCxgYsSCqBTizEYyhRzBfbPlCxzGLVTUKuIDmK,stat,6142,33
TDVLEjYxKDIMbeRhlHacSPMHbDHbdkEYPpGTmsYiuPDoQBDubv,phys,2189,12
QRGSJZixmYcssQHKYHpDeodECGaDhJlVOOwAXTpSAOUkvsiMjm,biol,3891,14
KfXyICtgwcaGeTnHXUOiRMnvclowdSdtHfbDgtKBpAhNFZFnXK,cs,6387,46
svYNxxvSQeyRlFHTaHRBGYZYikLjKdOIsKGygXISVYfbUqcpko,engl,7561,11
TYxNIYxTrLWSxyRPpnBsqgAIxxomUHfAsUSVEGrpgQJQpiMdUK,chem,4137,32
xBcaahrcgoqRAetyQgyiXCIeqxjweTVwiInaZxCXumupAWhpHO,stat,4597,3
WdclhgGMOCQpjemtULubgtUzfedSIOoUkoKdRzoIWGdQQvpmsn,cs,5177,29
VYdSgbMOgIydLjXsDYyPoUlIXdXVznzsXSYLgppomvhdxSMspb,engl,5065,25
KvQUpHlUesgYgRUdqXbIoLfwEDFPVtgkxIKiCTXUBnsJHhJxoW,cs,4918,24
nxGfSTmIRZPrzhAqAPBmjCPeKxUeWYJXgFpBdyJDiGMEGPDOtH,biol,2182,20
KBOjZavKomBuTYkEXkJvGXxyivgTbywTmwRFJvvAGgnUvbFvbY,math,4992,7
rlXRfgHpGXKiNHBuzcefhYzDSZSlUhRchqARCmQWqCsQeXJZZX,math,3524,8
xznhJzAjISViItbtGCkgdEWiGkeHHHpRdfLmLjebkOjnXKRaKn,cs,7689,37
UZVoOLMyCGyXihXnzcGOXZLuSgfkIFbEotIjXaJEdZMqMRirdv,geom,7427,37
tIpiHZhBGkkrZkERFPmAdMpcJxOzKRSscDmOSjirHjuBbhpABJ,biol,2638,5
XnGwlgwlOPSouvveUYqwBfteJqBnkWsUcdMECfnQdRZNTvWGMX,engl,5438,21
cvhiUPqUugByIBlJnnQGplujcnVUeOIBtcNqPPVSBtjCkQKvAH,stat,6856,14
AqpmmVFColUeLRoZAFczIPVXMqexmUREPEfXIlddPyEsBmuIrs,stat,3064,11
oHFYdeVMMoHQVadKpwMFaDLwRbhBRlgRJAnaqptaEOuUgospDU,stat,7614,29
PBhwrLpCnPITvvxHLfGprxpkVGJvbHZPZXPtTcmVZJLgyhPssn,chem,8000,32
NEHmpfYqcBfrLSdYPIWiFlJTGzIsyACzjCAiYwIjNqzLyRKeOm,biol,7014,34
EFadubRZNtdcXDMelvKufRTbTvXydBpQNopqnCMoSnYYMKhamj,math,6352,49
IIVHzZFokFtyQdbcKQTMLQrlFYQWhwXvljiDInSyzkrXteOhSi,engl,2189,37
sipEFyZCZbLRIRzdWSyFDLZEkZaXZebSCrvdIpkLYhFSrCphmS,biol,5369,23
hocdotUeNChQqXiyYWnFfFrexxIlRUXKPgAahaLHMllsEqVhuN,stat,4402,34
RntsdSJbLfOTGLwSPVqtbVrAAljeEqDxmOIuEqCGZZiHKUSbZu,geom,7542,45
fuATpbxRuaTkXUGfdNfmJPvEEKrKogtHXFlpKAknoQqYopvTbX,chem,6225,2
dBWMOBQhaXVCdQvxppJyRCcWTmCZVRRWhMJxmgFQEaOLDGICAr,geom,4930,50
UbLrhIKqgzUBFlWuPImjNJZBMdYkzZfXEEUcWSitWjuCYDEISH,phys,7405,28
FnVrHyiQYTMdczWjGWCxIcBebkkBmVdZXSjsumfwwoOdLpLsdH,geom,4969,45
YNWhrAAbcAsIHNnzdSgMLIAEYxWeRitsOkDRvMOIHHTODzWRGY,math,5671,16
dkhHolCKpoYhLSoAtnQDPnlFLrTpjXtLuajLjYImLEDZUNnHmG,chem,1634,39
HKLsraKbJfoZoeTCadogSkFEHrrrCcRQkXgYdLcUqIllaRQCct,geom,6737,48
CLNbviVHGooJGsRVjtojCEIlapKdeKPeRFcvXrsbEGSmwFmwmN,geom,2150,17
fWgesFHruAluZIQlezrtqizYSYnWKtoTNCRmUpzAbwxrEBIKaw,phys,3521,19
jbzbWRNvZIPgjtkFIFYCQXrTxyKfuSjqLvaPRUwsqLSvBMBDBz,geom,7839,41
ihyFCXptrwITNfvnvOyZeLbwQyesKRhAUoNhmtRomBXhFjqzwq,phys,2861,16
djTqopKujrHcLEbDkJZhxeUXzglbgHqhhNULQwpzZxzaJoYbiQ,biol,4312,50
ePQkZnYVUyvcJTWfVpNCCdhRtCtpLejFsFkwqypNocChVmMGKx,math,7930,35
fKTeDHVHGLYuTEFxgYNPUThhKkXgILIBRLLTnJnzGeJFizomCq,cs,1054,19
lDsGxwoDRahnbNXwEgLUwdveztAvwAgqOMdrkkMkIkRsDOThlL,math,3604,20
tsjxrDcQEtbiEEiRhetwjFYvDpAWaygdpixwjwPBYgAjvGqwxO,math,4711,48
gFohTvDjOhlBptbkPUlAQtGyDHZZCUKgRpweCJzkyjIWSHAsRS,cs,1886,5
rprAgQdkWWvqUGPmygkYrNcmRCONsZislwJnnXZvnUPIimnRGp,cs,1582,47
ZCYQhwrWcnffaQfEVQxmEOXXhUACfhlNHWZxrjWlUKjpBgoukx,phys,4990,1
CmSQNIynGyeSmaCTJASelhlSvdAyTrtUAeAqpMgwrAmSXXbaya,chem,6270,5
XEeAkPDqDwQgubglFoaWtSTKUGTbIclWWJYJkrJtnLrPRSOfSN,biol,7806,31
vnkvSBfkgDWOJfgPGLhiFWxfvUZDGLyrmFxMMsecjHvCKgsRFl,math,5387,28
jcmtbvpfVRDbFRJEwifvGrSbLBvbshUsFnboFbWGoKVkkxrnjv,phys,7640,3
ZMruspuApNUOGVpYuUQZgrbVEwbkaDoIHmFEEvOejRJsNkYOnr,chem,2740,49
SaLmkWFnkNofOTWgdqdctzUXiYpMxqYsNLFeMclgopjRTVJYpg,chem,6140,45
hCSyuTHMJQOaiThwCaBKlyeFPBDrIQpfeCwLpJXVTXyYXRNsRP,geom,3373,21
vIhEXbgtYsaeDFVsTFhiyDPmmyIdIeFYjcvlSmxSLrAMspkwnK,geom,2269,28
ZMSOmASnihiyWjVBTAVmSIerFnZdQwbSnVDHdypIqITYtKTLeS,math,3560,40
DpuZGafFLTVtGcpTmjDeHONVjvrmYJNwgkZUTfdfwraDgepNXK,math,7515,6
rmClnhFnMpgMhJjstLtShCDrPGYrArzmVqAUqYMiQWHIRhSkLr,phys,1081,21
DuwIlaHchcdmafmmKtEUZygrlvpDZpgQSJTjPPHeFXlypbWadD,biol,7428,28
krIWjrsBcvbbWGFRIBJaHksFhAhqeitLdwvhOFxcwMXicolFIg,chem,5645,22
ZmcWHhsMOWBEhyLkVpmfGDDfNUDGtGTLbvxEojpbgPWvFWQamX,stat,4451,45
qrGVAhYByirZDDwVUNwmEunJhcRnQQXXzJucybsGKFDTuEjONj,phys,1742,45
gmKKjHDtrZfjUcrVrqZUewrwAVHOPZFNoMjFKrIUaNwPZtijgX,geom,5888,36
ktcWXUpmNgBHaklglzrOPlExRRbJSiaCLgyehnYXTNUdkcdVzU,math,3511,46
mOMKiUTVCVfSYlWfHdwlHprJtMLzdqycdJRYxiLdyxPhiHsRbF,math,5243,6
AkrIWRDRtXOkLWYXYyvgpmshWcyoYrAkcJaBYApDgnHxAXapyE,math,5666,19
OMrmsKJghROLOXliAcBzDvthwMkfeoxIVvXjMvqrwMWuLqfnSB,stat,7358,11
nKdwkCuEJlpyebtmwuLNNxwMCISWtnXMiJWtmsnxGasEeSUfAo,phys,7577,19
qEYtysMkMABPPAgqviOaUYnfsRGjGNPxWzXjQNBmUopIuFHqOi,chem,2599,31
jUdyMlQYaEubjYirwjlevfrMWLgGnTWNKbXVJeJgzgMpHfjKIK,chem,7612,47
MQICVDISJAhBwEYhDsYzYDxmFcCwecaglpECwGwERXKPPfgZzP,cs,1719,13
EuqVGUxjaYIvtJYgkqGQlgroNTnRKkluJVyPEeDxqNDMxeclLu,chem,4671,42
FFMxmEcnMBJmMJluocqwgcBaMriVkTErHDyyiMDbsNcDBMRSsM,geom,4260,35
VhcnwUGZfrLpYHXtLPQgPtMGMzHmiQSqsZMlPNphCdxpptqEZw,chem,7321,18
JzLyvrNRgjTIBvnwyXDRrVQRZpsFNqIEYsnPBdneRgAwrnWkMQ,biol,7369,6
LCJmsJMmFFjoilEUvHQELotHgfWpYLQPhAeXwSAZAsGRYeKfru,chem,5683,35
aNjrSOqgqABXqVUyERzxofTUzHQAhZNtZQRfREVErSFbEXzOMW,geom,6502,4
atwBulyQDhpUqKLEWrZQtkpUnbQIHKGtsvsJzKmAljZeFnxksO,chem,2280,47
ZJVLbMPWkWWWAeySVdesNKwRMkoIsgJzhTUVymvVDWnUjaARKn,stat,7889,20
qQlkjIzzRYKCWSVxNCPkctEMUIEuCrNVZaLfurIKAiMuBaosyG,math,4549,46
kvpAGgJFtdsQhwfCNQtVSgnmthMGFnSMzoriUXTgDGiMDzAyHh,biol,5923,6
ZCIczDhOzkrobDztKwdLQVJDWCiBncDIKypQghGCjyLEfiVXoB,phys,7738,6
DaPbZIXUEPogYNogHZiCDYbfHbZGJPfHhAwmXwUXqISuEHAZhB,phys,4304,15
SpSAjVAdAduPDtlFrlmrdCOBIbEFHoPalyXsjFUrATEVIvqQkG,phys,1082,43
JJYahsOLUPKippIfmqjmCUImzECgovPRpLeukzEgCzdARFzoQw,stat,6210,26
XUsaExDMcLaJmjuFMWOmSPODbanOGaqHIEyjFhaJcxNpIeIjXc,phys,3143,12
cMuHbTyXymuyDZvMPgLGNxfpBuHVdSgEHGYVLLRiJIxlPQrpbn,engl,3912,31
kSqbwzrxIFPtKaCOexqwmsuEQbbVtibscJDwWWEjXdEsODKAGF,stat,2254,46
zufUZzhYAwWiDPsmDkyHmHBcmlOGmFfVuOgslsLrBCglMPqfkD,math,2187,45
mvjTvMTXEgUdWtTyDIwzUnnKWOZplPAmiWdyMmhaJXonkpKaRZ,geom,6755,11
DsxbOPnhdmMtcuTESskjonJxPpaypMrPjTSEEbtPcqCWThitqx,phys,4871,4
URjXVrrEcmMWgkkACVGFIpoKFUEUVXLSEGZDKlpKAGWlOoKWXM,phys,3948,32
JsDUnmFownSXhaiiNZokWvdZdfezmxytwWUcewpzLrOWMCkFBn,phys,3713,40
ipHUjUZORmHOLrVqdhasPeozqBxoBIVyjonwCicpxuABZDPGqr,stat,3550,26
PJcEYTVhPFmYZnExAqIzTeZAVnCBqCyHdRVOyPRHaOapSjaDep,chem,2259,28
FxUcxsEWCyHxxnJPphfARNWnFkRUqxHHgvnrhIeBJNzMsYqGKN,stat,1714,11
XuwOsKOzUeSZDYePSzecUdIuAnoYeZFfIsokKTcTlTLsrVwGFO,stat,7533,26
RWOtRldhDNZdQswjPpIRpPsAkTwAyBbUPqBNWepYxGVpWYRqdP,chem,4215,28
HeNhcAnpCocKJpZDTQFAECVpaZRSfccZnvDaAJKQYuLXZcLKUH,biol,3074,33
MwXmBYyvLTdTZEbIGHoXQMBqeodTlglbJzFCrqRyzirqoZRpNC,biol,6246,7
lRsAVdrjhGUtvdWzElvsQxtzFKQuBYQqlwBBcQHXCoPwimTpeu,chem,1154,47
zzaWntQiJKfGzrpGtiaqtUqakxlCuAyrjJzeBhFbYnxehFyiVt,chem,6979,35
JiLQxzKfUGTPJKhJmPOliZfTbGYQwulLDfEbdLbMNLVoVIVASj,math,7736,4
qmWtciqeJAqesNlDfLXRWoeRkcYHOWqBMkLYOyCcanPerQXmgM,geom,5365,4
HKdqMHtCuEZzcPVCHmJVLHOFiUgVSXouQrKCLdRhwAewAscZit,biol,4695,32
juAsZFKJJWiKEPifbjIiiNxHWlezLmUjuulYSjvfWMokjXlnLp,phys,3347,27
BkpqdaisByNkpQGFXpGnbZKxbcgquhMLadVBxWxPcZlFqMKgZI,cs,6670,20
nUVhMrMidkJOtFEkRpscJypSsWGOlEffqvuSrvxIIudJKcUepi,phys,3335,28
HiHLFGrgvlbWowpsvRaJDlkOeEMOCdtLlbaGTaphjNcrWwfUmE,biol,1481,50
YbYKGAHAOiUpNlnkESyrgbqXDHhnWELPdxNzZjpUCcSKiEUhrO,stat,3708,11
xggANGdHWBwJJRJlEKcgtooeuiPtyWHgUXfnvLtadFCsNSATMH,geom,7814,26
LlUmqUzsgVdBtZVnwByZIOgXfHwzxdHduaUmhSJAtQVCWNcTLq,geom,4171,45
xacZhRAVyNwyHPYsWgESgiCqvnCzFwdJldzBpGIsQQLDmcaaPw,stat,2745,5
HUaLjMtqFoOLtjZlhYrJQKrvhTbMhJbizfnpiTDMvOqnIAGlrl,chem,7737,38
vDAeSDplQwtKkoVtOpMHKogBCnbSwEepkDoHlODQrNfvGywnaa,geom,1742,21
QPGHbekkCVZljmSXimUFqKPJtKmWNJDiMVXdMJXzlfCVRJnQSM,chem,2804,5
DlsdAAzfkVHJizsYsnEHfYTezdfKcXJTcIgqWTjRgynEBroEMK,chem,3805,13
OpxHYVNgWavRvfzzKLnxpeqjYbRGmShggbgvwParNtRfupKCYC,biol,7252,43
iNMhrSeDammsPnBHfzAYvEMtlSbuPXJChmEiBINkcbqqrZrFVl,chem,7014,20
mJxjgNeYNfgpnYBINGnnVQulmCtjjjHidxNRzqMYDDZZjmbXlo,geom,5301,32
nlJDryKwhoViZqVZtcEBVBGHjFAnplUIJnCoarYLkMrREBMVyN,stat,4291,19
rLmpfWkeYUobxSPmSbWquyGfyWQICLouMhwZJeBdQUbtCZseGw,engl,5791,33
mTRNiFDKNomQYtEKDrJpcUXhpbXqDeEmrylsbwtWhzYxkPvQFL,chem,5316,35
DSTzWdbhkmKdVZlJUwxgUoIKCVxRIYjFFeIAFsWYdyaEPrHwrQ,cs,4582,30
RUEpNIkqaUojowrBAaRPINiqtgsKpzpDjRmkOlVzHElgWNzrVE,geom,4807,34
cxkBgxGNWjKZUFoTrnEXMjXrzOoleAESCQFyhbEfpDmXLJldIB,math,6146,38
ZsUFZJWBnqpVobEgDelPlOXgsIURbVfOgQGkjepSfWgNKgMbMX,cs,2332,49
mrxEoJZVPTsMXyqMhUFsAvpcDHFaRuVvfzRnxfgGtKMNttXXee,cs,3437,26
UsGikPLgUvhOaCpvdDvxJXRdPvzlhWZVqWwZeCjZaAYAYNnAff,math,2029,39
WFFwNVBtSalVyPcldqlbQaWJybwMLYLmGKKtZuzHdIDFzmOdyn,cs,3670,3
mjHyfvCRakscqgxwhrKyrZaZmBCdRtebKpVTvtBwlixfNSZrWi,math,1425,24
RttyoNGopPIqkNehfhezjjuExkTpwtUbpqfvxhlOkfKlGYzmTu,math,7049,29
oAWMjSGxZurXmXaZLTfhxJWiFLnUkGzPGPiFhkwrPIioUBJiVd,cs,7350,46
dqTkCNCOahfvnsLyTAgCfyPZyyqVHjRzSMeSJZNDMsDZjhpCpp,math,3913,3
zxSXusEcmaIcuzhvuaOiTGreTQDsTWCIMkkECGowoJEXeqscVm,cs,1547,16
gakWBzcsYIWWpiMjfWfQzbxYwsarViJMNifHexGskFWIZNUmHZ,phys,4077,15
nEnwdmUYzGvBRqIthTEbyTkzQFdFScwmcsjVRMEUjJZKRvFAHF,biol,7034,24
wORhsvsUIcyfKKmUcBeUrZvVtHhuwqUeoXvxeTZeieKRqXEpPm,biol,1887,1
MWTQPOiVCwRsemCjfFVYaoEDsNhRpcPkyNsDiQzeqdVzqzwGRg,stat,3331,22
WdSZJqKXPCaUFOQsWeXpwKWtaAWjnVYUwYTDtkqyvTXUIUTWUa,biol,7686,30
RZPYxGepiecXBNFUqFksSbUDRifqQRluTwQHMRiRSltWydoXLD,math,3093,21
kmOmRNtFOokmMIhDElXmFCTYOObSvxjCPxPbQUhlMKJfVxTYdT,stat,6590,43
tnOceFYGOVqsjiSOWjfwLhFpTDpPrHxQVFwnIVOWqLlQjbidqH,biol,2288,24
QfgUGGyyDgUMygNBwnCLgtqmYrtIgPEIKYmYQxdbjhreMnDMJC,engl,6242,13
tSAmseLSBcQicbQwwTvATIZgqHPrcKAGriTiVdmgCgfmmpAJQj,engl,5465,16
AiSXavPTNwSXsZErGfsaYKRgRfhTYmzgtDhSUzPiTLvpTCzBUQ,phys,7562,43
jbfpfyLyHoXwXhWUcdpmRkBJBXHlShXSZmQwgXkersxXRzCpKd,phys,4176,1
wwXUymaBihfhQMrBJVfSusZBXIqpkCgrjrfpfNUnhYqnNWZqlW,geom,2452,50
IlYkvGlsfUDrRaXhgjkBUGygjVvYyQyaomfoWtIHZwCNIKinpZ,cs,6829,10
ZariNtuUgwxHAGrRTKadvTAqjDHeaheneTiuooDgYiFmpSKIXw,geom,3332,30
KoJtYcvZTEKrxtBmwjksdgarYGxPlNfslQYCxLwTRXtvhtqfqU,math,4680,27
XYutkKcFfngnxLMXjsLptNWhmPSXfvjOixoeZfcRfFxGzRlhMo,geom,4176,38
gKljPutLzMLFgBgMBGnMkeYThaBTZGUdNIghJURsIiDLmqfCQv,stat,3691,21
qvDuqttgFEZhtKBCsbRhSWwelieDLPdoJFqdVwlEjJMszzMrtR,engl,7453,16
YTvyfFGdgtasOAzzOttznQNhvOmzRNHWClgQMZtCEQvhWDsgCo,geom,3824,0
VhbKmmAshuAmdQcRHYNyEzNdjCHYtyZzfpqoyMOlnxRrKZcqGp,math,4723,4
eMcMLROqviAdBSJPEgQrIpZaBdDizYoyUMdALwEcYPRLLQOvuR,biol,5647,21
jTwUlbCfQGBjrxCvyiyUxLpJJyalsaoiALKqjMNKXNaOGmgnnt,engl,6280,21
zPbQeVWDfZLmDzFRHnxtgjRuUnYpveSijvKcNpdgaHrbZzJYPi,biol,7544,12
bOSYaOAwKlTSmtIeGaFOJNjwtCzTLltmGGcQgyMEZusVoguGov,geom,3334,43
tHGzlEkYoYhpQYwiSDyZXHUpyXeKFjMlVPPHPmaUqfZDpcoSWW,geom,5688,22
nmpRHZqGqzHPLPwGwhWnPegwLtWVLKkiYkwYtWgvLcAfXPchgs,geom,3685,37
LeiwuPjhWJJWGmiBGdTueaicLuutxBrjHmAxFlmNOeaDhigjwp,biol,1698,9
xICvWZSgAGCZvFiHalTZaZNYQtvYuFsoKTHFScpLtdDysvoAZl,chem,4074,7
CnHADYKihhcYzSdVbCBWxKDxYUwFwetNQuvYZJUPoKdExMusVy,engl,2976,29
PsqkbfhKCCFPTEzhVlMeBsUDcRIYTgNDSgPnYmIDQyKbzAddhc,phys,4026,15
RslJhQKWVoYvBVFFHStarTCnFXfLSxzVlZtWBgscWZLzmoNuuS,phys,5682,44
jTrVYdfviRVFCxxjdjjAokSorzpbKXfBqFtcWmcXhWexdZIlAh,math,5279,15
toBXGdVcUnoonScijXfLZoIsjrsFaUjBvgMYqzMWMvBrLpsoJy,chem,7886,41
xjSvEGYlxBNOWlaZyFlFzKLemuwyvWICOUotOPzUAHNcRmDkzp,engl,7557,18
qpmUmazyOHRQKfbCwtJViZEhNpdeeBxgNluRSFnVJpqqscgcEB,engl,4391,45
tBDkTiSGgAdPAIebxxjjNSoOdhgJjHCeZkGTdapygDujQcekkf,cs,1072,38
NvFNETYQbgnCjMSbHovHjTAwsYdkRAGgumVJuPKvyJHSVmQNsx,phys,3339,26
LCMtiZOMxXxGnwQtUhnGVvNDwRbSvgNxpQCgvDiISUEirxdufl,chem,3110,26
ImWQtnWLwjmFJfWlVqZXsVTMscLbZlMqTzdXCVnrXrUSrgCRZZ,cs,7605,19
BRiwxXQIPWDSVXsYUFWkhoHeCdaCZlLxnrKhgVHcKzwPTYymfU,stat,1295,21
eyohQjqMJXReScByfgtRxMSwRDQNxxrWgWZmooLaLFIxjotnBF,stat,1010,23
gkhAolUseaVgomlMgeguxpXUeRgBPGYGnfQMepMIvEhstWYpHc,phys,3140,49
NiKsFuhRRiktyDWwCOltiugexdcNPmTMDqNuUiCrzsgFMuivMi,stat,2075,22
SmIEQHkFEvUxwgwTjNaDnAxTtMhhqxZVdtuPGoxtLHIqlqnbQh,phys,3972,43
AChjkNYrGWFpzeXquSoUSUtNXxQTzZuXXJaSFvQgqdiYyDVTLM,cs,5210,42
IenUcdqDObmrEmUSxwVHswbVBkWEMRWzGhlJSDypXVltUwRCSD,phys,1352,8
HbHepQxASYWbHEhBUUGmGUQuqTxpGYoAHspwVtdntmvhJeSbde,biol,7843,45
zyHnXCahlaGXgwXoInMhXHwDAgohWZTZJHvQFKTvRwftfohEKU,math,3154,48
RSwDThqzGdCkcqrYJcfnpKFQptbnnSNQkmLjQyMKqFWNPJuthC,engl,7254,4
toChqtYGhzhsFFthMCBXGpYscYqJPpPAQcmGoZeuKsVKuGetBR,stat,7543,40
xClltINnIGBTJwHYiWZtCnHgpbdRnMZgCcfvptKfKGfqHKGRzj,math,6877,42
gcJxJQZfusOYzRCBaoeQJmULmYXdOUZjEwXYcvsBBCdxcCzkhq,math,5707,14
zmszBgZpWcPxTzDeUPxgrpZfWBYTUrAHfipduGRUgmdAghMSVI,stat,3594,30
RgqiRBHIziePvhSaxENKXRDJZHeJNiZvjfSxLtiMmkzjXoFbjr,phys,5290,11
PBrwWNcQIbDFsfcazLIKyhRVEQfoHfEsAbxGoCFjmKSGlDOfXb,chem,3005,23
mEQxNfhrzJuBmIjMzAQcCxocczMNyLZcGKGTLWMYFoRecQIeSu,cs,2935,39
xuqOBOJcmNfeBILQguiBuqxLeohRZaSfOMKfjfjKlefioaLENr,stat,2490,33
rJGDCgMUlbMpJnQMWugCmtGgXyHJKlcQKGacAbQNwUYbLuRxPU,engl,1181,24
poQaRtTkEvBuiIOKihtjMZYmrzdNDPvHAMdDjwZNYILiJnIMxY,engl,2755,10
fNJyiQPJaZoxXyTMtOZngpmpScyDsaQZQyjflZLrBdpnvvMCMR,stat,1056,2
PdgIHjDhwCzgqYLxUNLOofeqTNJQUNZtalmupwHryRcVefpYNg,stat,3760,15
jQJPPRosnbAScVSgRKrYaPkFOPHxPrkdAadqXvqZCEBwxjROvQ,math,2975,19
kHvFcKxeyvKNnvXsxyKncrAnNcboCNFTokTIZZsCayBebJOLoL,engl,1116,35
DTxzKPdxdicDvrROqFNFcCAFCfJdCpeXnWAFeYUNJiIAIVRgwg,chem,5933,13
UhgxvTHyBCJGTnxjWmKIiijHIsQYUTrUZohNLCAOlZoDbyWSGa,geom,6849,30
inusvKbWTFECfzMsYYXsLxDkouoPhBbzPnVaidYxnlpcMZhBaW,phys,4468,28
kWpqxzxLaIvCsxEXyvTkjxjfZifKNhoIyfuaEVCJwfbuxrLfOE,math,6374,48
ozEgVjKhCXSFFHvBlEYFaGSzYujpcwhBFPprUyiRWxjijXSOGV,geom,5754,19
PvLQIHGCcYfKmPllTjaYWrTyTLIpZuRNGAySviPRIiBqmCxraz,engl,3984,33
GCUbDoOIYdTQqVdHfIftjJWaVxrYBtlsrEPYmMSRBYzFdjUKdE,stat,6274,21
JuDkLMOqdVmesCmUIzdFbAQQJFRTDrylcpqIwiEbXrjinKnKKH,cs,3398,16
oJwRBGnotDiILzAIejoJOeWHLKJKcxVIrvwEIxGtMcsVombzLK,biol,5741,47
KbsGUVmGIDFmVnbWlcBFYDddaeuVHqQJeDOZzkJfDnFDpMuUjc,math,2974,37
fUZeULLKoAPYRSAjpPdyjqAbYWtWZTfxnnPHuejQMAJPrjCudP,engl,7820,40
MMSyKCAFPqqBlwmTvDhMxyUwsMyzOfyOzpQANavaUYMyBloHHM,math,2544,26
UWulEVkchYWbAvYIEJgpKEBGuvoQirpwbaHcuTybEdxZYkNxSX,biol,5491,11
hhaPZmehXVJrpDxZuUurFaWNjyVVxUwFWzkibJGgPNIWTtHVCF,engl,4853,20
GOlMiciBolbIglSzgSwiEqbxpWAzNBJgJxYYpFKjoVkSopuYjq,geom,1184,17
hbbkYdHBndoVJHtFSEimpbtVXKMYArpzeSOzbtywIrROhhkzwE,cs,5593,9
KcDmpMWRTrZoDRnBwWUAOXGOgcyxGNgXyOxyOjPBDYWFIkCdcY,engl,5125,9
fKozMGcNzekLBaLrABcoZsjwsRvhozJTSxmrfWECfaFbXUAsyb,stat,2471,50
OLNfhtAFNMPToKrwSHkdmclYLHoniKeMoSYdYkrIItKTVkJSvO,geom,3218,50
FAYsgMzxzHgUBNHbRFyuuWDcUcrxxYTeFoIKEaVVsMfWfIULXr,cs,7747,20
HZHocaaKBoByBoXBniKrpHmlVpcVUKmVEWipatTYfXxKDtFzhx,phys,5865,33
ocSxgUjZSfiZkzPUupfSDVJUkRfooHqCbfHspWmQArAJUcGLVL,phys,2827,39
KlfkXmeooCHotTGhYwlTOEjmrOdYlkqgtCGkLvCbBAQZgXXjNN,engl,3470,22
MNEUAIDXEsunQlqlNAXaKUNDbfWKkzWGntqXhAPoUKUMundAcs,chem,3224,31
GGHoWqmisDdxFVqJCaqynypLQeSYnkyehIFXCrrKZjSvUPgQsc,chem,6668,14
DPxYrHlWYxRWplSOYaQqEZYnPrJPoYnueQhgFIWWanfxXjxnao,math,4683,15
NIRdnPuXWRIpPYQsIZhaGDzvqzPsXLJLoPzhvxuiqHTFXOHWTo,geom,7274,6
ZFFKuRJZODkDKskbqRxLNdiMCyIwUmYbQLyRoHuAGBIENccTtd,stat,4417,32
YmYBPLHWmJBCKiTaJfgyOMmjdXszKjdMVbTSEJnsuptDrtyCDb,chem,2090,9
hDgMVCNRBruBTfABndSAREnZYHHwczZgIZSzaCxcFWzkYXVBez,math,5236,37
sVAYUcWdfBjIcranhRjwvIgMJVnmCcMHMkWjMurBaqdxuRkOGU,math,2356,30
JUbZERkZBPknIXJLwZTBUxNjPDAIJcZclNZqtjzalVdlBgaqoZ,biol,4035,31
LkTtWRyOksFepcUMEdvMohEwGBqvNNVfMSFluNqrqPuzoWfHrJ,phys,7526,6
HmkWYhKrhYoRxwpyoRiTszczWWqTdQQDwakjAgAbkWSlFuvwOR,chem,7052,25
qsynufRwFOuWkGXBAYeglpMIXTnsuudUbNebFCQPUMFodDmzpS,stat,4840,11
lREqYJqXfSefFoGVdnlaFMuirATSkkFhqXvfTQImzcGMboQdRq,phys,2407,16
MwKwHJtaDchiKilYOYqQgMLpNqTGTgmGvZXvCQsqdOkJVezPez,biol,7809,16
PMApHuSCNsgjzrIquvUXMhLCoaSfdzWkyyYGYByoaBqeDpTWMG,chem,3293,10
HicWXjbgMvIPEEfIemRUPXqjQJcDmDwuRwqpWMabceyAvwmVRD,stat,2349,16
pQbGYIKQezrAHGtvMvBIrgNTeIESrpSOHznvAiLdRiNDzCgQDO,cs,7777,23
ZeFoqFeXQhrhmzKxvzDeJDSbyAIXNcmApSceNlNDZuaUAodBHW,chem,1126,47
dbmHniTGgAUgrVwhfhjzLQZXFvSMtEeMxkxKnhLWdbdIGdVfAL,chem,6418,15
DsyMMCgBOTaIlFOPzlIZsJFFZdFPEnwdBKeCONVSMVziBluaoA,phys,6249,3
zvzLHKGiPaRfLwJyewMttUebrFSNMTOIIrIzirJcxZTakuOZyL,biol,2282,50
sUKUgzqfZfhqepJhOPimoGMUDrtFezFoYxgykwejJNLshdzmEM,engl,6626,21
wEJFdDRPfipbgiXcduhtsVMWoIDnPpVMDArggvGhuywuuDOPFR,geom,7679,7
kCxPhBFdTVSjMapARzQpnTTzhjlBMKPwpjGMVXhTNOQPIkXkrX,geom,3827,49
DfmslSSdPreGDJlfezfLOxNXkBJRCTdlmYBmGrTAYYlZFIiGWe,engl,6771,19
FyFBZuInKvagUHIEEphPfnxaTKGDfusZCaoPhawGaIulSHjosN,engl,3223,49
LcotHkyBLkRVWjHScAJawqMDwMXLLZCZScKBUtCdDfyioyvzWb,phys,4367,28
QslcFthztAEqIssUgFIIGWdhZIqAllTMlKWaJUUOsTvgufxYxx,geom,1897,15
OYqoURFNjcFpZMIwOlyLAuvuhZnNeUxwqSIgkotHtfFveyJEOF,stat,6472,29
EjHmdkXAZkdMEoQxRxoeotjnOAjJZQRfIndZITUyNJrETFubox,phys,7271,30
xHsepFiQUFWGsAoYYKzSBQPEpVHwkCeAWlZpcqWeOObGkUiQQc,cs,1138,36
SNVrCeluVMsMcXUEFmugxnHUxCCpXykwVptwxuHWqIdbliDEJj,phys,3054,47
ixXvabuqJqIaVGYlblOuffBcSeFYQkyiGlxLyZoqwuwVcwxNEv,chem,7522,28
MExTJibMOnhhddexWlBFkFaOXxikPJHcbknOInMYzkzMDREkwg,math,3701,43
dOrOslFugsplgjUSMNNUMEVLDoLbEZkiTFoTzbZOGxwedtiKue,cs,7701,28
lfyBoycYYBTevHkgdAkfclPMtfoEfzoZdyEIbIDoYJkSNlagkB,stat,5229,46
RqOadAgPMlRChgskhuGCuiIjWmVpmfMaBnRdkiVhzHeTiuheHY,stat,7521,39
yOsSqnfNyDOrBqGPzmPOejzCsrSHFNWRLnTsOLHuGoBBSCOBGc,math,5888,32
zrKAKfkzmJzaCValDAzBFJqvegMZvkVweuqhOByPPgMSAdVeBG,geom,7716,33
ELJOuYWVXNuEPGGnGiiKqXMvyuTZIoeMFKiiOYcqQtYYnKuIia,chem,2983,13
geAAVOTTIhSGtUZCtLwndgXBdMUBeQCtPrIjehgZUPypGjvCxl,math,3904,7
NqFEqDsraotZQXJnlysUyegzzDJswnyoxJQGCjePHewbIjJKPL,phys,4064,14
babzCYZqoOEAcJfqNDMNmvYuQvHrZmSWeAJvZCagYCxZeSfozy,chem,6028,39
GbzEMeCXYviyAjDTJrnmLspzgGAMzTUfMLbjDkqtVpmXUqklPf,phys,1385,11
fBeTfGsEWrHxebvukipyJBRDrARGeBkWkrFyWibdftdzQOgwMc,geom,4370,47
wXoiwNUTpsGQSeCDvRmPJVPeqzlakphRoyYMiQvNBQIOvKmGXn,math,1779,3
dIbQRbufMOSNWFHSpROYxDJEWImzTHIndGbYATGmZWKxMjxjhP,geom,7702,1
GTEZFvetaouidycpEJftKcLlmwiEEPrdJHYurNKjhhbkVynRbw,math,1414,50
PUNfECMrsUxuVsvqeLiOYocLKzWXqVfBFmFeTJGwUUGmKYZhKV,engl,4660,12
ZxTdOuhCnGMBLkPglzZwjOshQApdTcamOYebOvYjUuwfPqEbSq,cs,2779,13
keZnASOsOIvcbOiiIMLxaZOyweTkdIvnfRwciDtNUlQINfcxDX,engl,1902,17
rQNjthtMhRYBlaDvaHGcxXpoGtndkMnonfqxOmRYLNzzMEXPFI,chem,7074,50
OoLCVvIypAvAHovlARVEksfVJQKAyhzymrMebTXCrtlrGeVYnL,cs,5161,15
grniTPgoCyNfezwevAvfPMxSLLwYuolWMTFyWQgxfTMbLWvcvM,cs,5454,41
srCDVWttSRltIahCmBxsICNQjuGRWlFXHtVgWhMOFoFbyZQWkH,engl,4278,27
BgCkPmTALLzkvqaTJpUFJPoUQqBCUVAzJAWONbkUaeuCzKOrKV,engl,5110,20
rBYWbxxxJyFhVFtomTdItMCxoVBOEWhrpDRkdLleAHGbAEibhy,cs,2582,44
PvboUIJRoaOXUmVpFhykaOTMTOtZclkmpxlOPYBINGayzRlilV,engl,4558,31
tLQwmXfIeCnQgCHULLaCNPxXujkymltbiDpaAoWOcMuKmQMHUV,phys,1312,2
ztnVNloaILwjNoCmiLeNFGABxLPdvchPRRJnXyfnEhXviYRaVG,biol,3751,19
OWQJcXrQnULnYJyTMvxdyfpVjlbCymTXoeusUmCwmmQUvyxNMB,geom,6826,47
RVEXCvVpkvoPiJLQiZaMrXjjZYTOZEhIngqTqcpMtHpsfhanQX,biol,1248,31
zxZAGSXevsiWJHEGEKNGKMxuAuQfcQqEIsPfxyoDPvEjQgJbtj,engl,2218,34
xepyPhnDfmwYimFhuMXgLUAfsSQYwhvHPngBhhpbMlvdpFSVfN,stat,5783,13
xLiRhWPcwVEGeemzQooQmmOJQunpNtdhLtUjLQLYWweCtfeIEs,geom,3321,47
UCffUAKmciaJFlULSTIeuPRyNJOGWLZfQsqEVFWkcBSDfwWUHW,geom,5534,48
VIiNTBhiluDdwesEZhsxqvFdJPkhjNGtGQSgKOksIIiHAUrrVi,chem,6151,3
KzvzEySQkqOgpDySdrltuXswDiijUwgqhDjmWgnkkSXGDJSEFQ,phys,2880,30
MnPxJYbkFfXzMJKOgRbcizOtfeGCCcZOnnZLGpmeECvWuZPfHk,stat,1299,29
npBZmftljmqeUnDLKftTEwHQYjVpIlOBUeBkvEAesaNxDZTcKR,engl,4996,32
JvuXzPLILDedBVHbtmEbuLqRdUyborYrLSOMIuoLZUAPiVGCCX,geom,1928,41
MxDAvtKEZQzrmHDwsoukuMcjXPawZczGFFrNFWJFAxySRiDBbT,geom,4846,15
IXRfHVsCaORrPfLTwxPsPxQjLfXuKAtNzZXqRiUMgxarrJOxNK,engl,5748,10
